"average_ms","month","year","paddock","animals_amount","gender","total_rainfall","average_atmospheric_pressure","dew_point_temperature","average_temperature","relative_humidity","average_mv","NIRM","REDM","RED_EDGEM","SWIR1M","GREENM","BLUEM","NDVIM","NDWIM","EVIM","LAIM","GEMIM","SAVIM","DVIM","GCIM","GDVIM","GLIM","GNDVIM","GOSAVIM","GRIM","GSAVIM","IPVIM","MNLIM","MSAVI2M","MSRM","NLIM","OSAVIM","RDVIM","SRM","TDVIM","VARIM","WDRVIM"
2935.74,10,2017,1,2,1,0,948.764,17.17675,26.956,56.8955,8716.67,2369.45555555556,1193.35555555556,2651.03333333333,2235.97777777778,1202.68888888889,1252.53333333333,0.335101050588723,0.0845992169092559,0.194567733900854,0.58594606125329,-1452872.37578943,0.502579610978075,1176.1,1.02263778575304,1166.76666666667,-0.00632407965884307,1166.76666666667,0.329948755769959,2.02263778575304,0.494875349813615,0.667550525294362,1.49935665521102,0.494796939843097,0.429815341275397,0.99957119319015,0.335085696573561,19.8393375203647,2.06628362517919,0.742195388683933,0.015447127379428,-0.659561632508641
4112.18,11,2017,1,2,1,0,949,13.3375,27.22,43.041,10066.67,2845.22222222222,810.866666666667,3251.11111111111,2090.44444444444,985.155555555556,944.088888888889,0.555350507416886,0.21683761632021,0.34372038480957,1.12558035224102,-4180950.17599449,0.832911892533582,2034.35555555556,1.88906382519899,1860.06666666667,0.0579084217838521,1860.06666666667,0.484784465815831,2.88906382519899,0.727112113080139,0.777675253708443,1.49969453929187,0.713183498635721,0.877019064907279,0.999796421952313,0.555326213188919,33.6054287671077,3.53507929615696,1.06977522291505,0.208443840206861,-0.478985958718857
5935.01,12,2017,1,2,1,3.8,9.509,19.8995,26.512,68.8955,15850,2904.51111111111,718.622222222222,3426.32222222222,1983.85555555556,982.244444444445,931.066666666667,0.60130065249208,0.264934727220974,0.373285811933921,1.23254806757693,-4852582.71133407,0.901826593762835,2185.88888888889,1.95993451489213,1922.26666666667,0.0870232218089042,1922.26666666667,0.49341877748867,2.95993451489213,0.740063280411786,0.80065032624604,1.49973601960652,0.749539902977641,1.01748345413009,0.999824073574699,0.601274114534772,36.2419729819422,4.09314730444913,1.12430982821362,0.35057071701273,-0.421707290800617
4607.08,1,2018,1,2,1,0.6,950.952,18.987,25.6205,68.9995,10491.67,3343.42222222222,1546.7,3739.54444444444,2697.17777777778,1676.76666666667,1688.67777777778,0.413049605223897,0.178977856059556,0.271482279390562,0.864222886835052,-3239354.291096,0.619496209133562,1796.72222222222,1.21380331410677,1666.65555555556,0.0319938511615564,1666.65555555556,0.361767933672627,2.21380331410677,0.542608366261966,0.706524802611948,1.4996226388997,0.570083609199259,0.595288541794685,0.999748478418403,0.413032921300758,26.8895647868438,2.62131946088685,0.855125395914602,0.151295899999581,-0.592436164959391
3585.21,2,2018,1,2,1,0.466666666666667,950.194333333333,16.4733333333333,24.9191666666667,63.1663333333333,8900,2553.61481481481,750.096296296296,3000.11851851852,1973.76296296296,897.874074074074,881.577777777778,0.54408129265349,0.205049630218501,0.314028019058705,1.01815337295439,-3319911.05739406,0.815998551093384,1803.51851851852,1.85178587243053,1655.74074074074,0.048586432260496,1655.74074074074,0.478097898254291,2.85178587243053,0.7170762000104,0.772040646326745,1.49964450824464,0.702753369749539,0.854447427450711,0.999763083576993,0.544054967191283,31.3153338179091,3.46479083249072,1.05413002421852,0.201102865281572,-0.488321468938168
4007.82,3,2018,1,2,1,0,950.663333333333,20.8248333333333,25.9345,74.4996666666667,8666.67,2202.54074074074,859.992592592593,2644.02962962963,1775.34814814815,992.8,1068.00740740741,0.441768859823486,0.196092905928942,0.235672995985036,0.734664899473858,-1874381.65882144,0.662542624204656,1342.54814814815,1.29073697866058,1209.74074074074,0.017096410440677,1209.74074074074,0.382433387629047,2.29073697866058,0.57358747957729,0.720884429911743,1.49945545939803,0.608133474594844,0.624724615277032,0.999637081163803,0.441745248455275,24.3071494994266,2.6719267170543,0.912200177938658,0.180195926338679,-0.581808091421514
1880.38,10,2018,1,2,2,3.57600337980566,793.1968788903,16.0860876874496,23.5083348119983,62.3116666666667,6560,4102.06666666667,2476.91111111111,4647.08148148148,3265.95555555556,2524.71111111111,2582.82222222222,0.394205484401952,0.172084029252884,0.256382737654607,0.80959274483437,-3448217.51198988,0.591231212571122,1625.15555555556,1.39343066793402,1577.35555555556,0.0357577482851232,1577.35555555556,0.350405142325579,2.39343066793402,0.525563913500435,0.697102742200976,1.49964777347891,0.508524719001768,0.663760529631709,0.999765229166135,0.394189053241549,24.975487178996,3.04437968601549,0.762787061885235,0.162087451417744,-0.562061664852175
2476.82,11,2018,1,2,2,0.466666666666667,950.131333333333,19.3178333333333,24.2095,75.9023333333333,7640,2917.57037037037,821.022222222222,3380.11111111111,1944.99259259259,1093.16296296296,1050.56296296296,0.539312792297163,0.269745194492714,0.339707463140618,1.11106160164276,-5424667.63218334,0.808841989551625,2096.54814814815,1.60253918378052,1824.40740740741,0.0762541229035099,1824.40740740741,0.421705518950736,2.60253918378052,0.632500581030003,0.769656396148582,1.49954132017593,0.690508597318886,0.890319828796267,0.999694347938577,0.539285652691415,33.0062443043241,3.68240975028232,1.03576285057811,0.472393879454597,-0.473745438381666
3833.44,12,2018,1,2,2,0,952.73175,17.5935,27.2945,57.43725,10025,2759.29444444444,943.794444444444,3192.19444444444,2044.13333333333,1131.11111111111,1070.03888888889,0.477168979185156,0.218733431610191,0.29609091276793,0.95325692239437,-3678404.96368707,0.715651724956034,1815.5,1.40696092994497,1628.18333333333,0.0564544699835385,1628.18333333333,0.40333928258239,2.40696092994497,0.604954310185871,0.738584489592578,1.49953302632431,0.642060272665665,0.698723777826435,0.999688780925923,0.477147271507449,29.1964633101426,2.91721778464745,0.963090379601087,0.201176437188893,-0.551756397745524
3292.52,1,2019,1,2,2,0.35,953.3245,19.737,26.359125,68.1975,8240,2517.37777777778,809.616666666667,3005.43333333333,2131.60555555556,960.955555555556,922.272222222222,0.512086488067734,0.1699169438858,0.29502588962996,0.949403668681194,-2966596.35050771,0.768014123259454,1707.76111111111,1.62475042914492,1556.42222222222,0.0522915565316469,1556.42222222222,0.445976842647318,2.62475042914492,0.668899837202219,0.756043244033867,1.49960884557182,0.676024799189733,0.768183301765278,0.999739310727505,0.512061822313892,29.5572931242163,3.14068218737575,1.01403716930557,0.184536844729935,-0.523609286195992
3891.52,2,2019,1,2,2,0,716.25375,19.28675,26.72125,65.76,9220,4051.01111111111,2815.41666666667,4429.79444444444,2783.31111111111,2785.17222222222,2834.06111111111,0.341959546461459,0.191795505592474,0.199482280215741,0.603726889820552,-1794413.54343456,0.512863472507063,1235.59444444444,1.10740075020383,1265.83888888889,0.0159363132193284,1265.83888888889,0.321797055051663,2.10740075020383,0.482649050892644,0.67097977323073,1.499571308611,0.472359048956561,0.480557009182943,0.999714269682963,0.341943364062748,20.2724471020832,2.2776597701024,0.708538552971979,0.0571084936517414,-0.636452315811975
4850.97,3,2019,1,2,2,12.9,718.112,19.1725,25.546625,70.15575,9920,2170.82777777778,781.494444444445,2613.95,1891.68333333333,870.944444444444,894.294444444444,0.468903791334317,0.161890685157634,0.246445546553233,0.773639987429595,-1984252.41201099,0.703235103046988,1389.33333333333,1.48555045127656,1299.88333333333,0.019513831269912,1299.88333333333,0.423811230370401,2.48555045127656,0.635645488214146,0.734451895667159,1.49948519585608,0.637344671138192,0.667906806935211,0.999656909870388,0.468878063703923,25.4759465798243,2.79063131613942,0.956016969243194,0.13106720956888,-0.564605718359959
4116.53,10,2017,2,1,1,0,948.764,17.17675,26.956,56.8955,10416.67,2479.91346153846,1395.26923076923,2844.375,2420.85576923077,1373.65384615385,1405.38461538462,0.296164787771954,0.0822807800790965,0.176141424779487,0.519279674852184,-1356429.20537497,0.444185513080796,1084.64423076923,0.915326922840541,1106.25961538462,-0.00443751404586321,1106.25961538462,0.296987228319648,1.91532692284054,0.445439564065755,0.648082393885977,1.49931092271327,0.438221882571766,0.384330926645916,0.999540699542892,0.296151630549812,17.881739786478,1.96392811765926,0.65733280629175,0.00755533301330839,-0.67600833166529
5618.72,11,2017,2,1,1,0,949,13.3375,27.22,43.041,14183.33,3193.30769230769,728.134615384615,3570.57692307692,2023.53846153846,1014.21153846154,934.384615384615,0.627178758161518,0.275775702544769,0.412377667552054,1.37398240120333,-6142739.15038034,0.940648322644225,2465.17307692308,2.14888035224216,2179.09615384615,0.0995494246400868,2179.09615384615,0.516871686135528,3.14888035224216,0.775244858206156,0.813589379080759,1.49978071550073,0.769797492784357,1.10250674211839,0.999853859955107,0.627153195497207,39.31410841152,4.44465986647402,1.15469621653397,0.360974825249416,-0.387390592165793
8439.26,12,2017,2,1,1,3.8,9.509,19.8995,26.512,68.8955,23800,3347.46153846154,649.038461538462,3865.17307692308,1893.84615384615,1010.10576923077,916.692307692308,0.67128651322645,0.339638182693153,0.452431900467517,1.51889861589148,-7470050.68898025,1.00680421126977,2698.42307692308,2.32048667395084,2337.35576923077,0.128281307670282,2337.35576923077,0.533811096927613,3.32048667395084,0.800654104464404,0.835643256613225,1.49981148805899,0.799870380492538,1.30074317149265,0.999874371630358,0.671259725120471,42.5472349217507,5.36996901896276,1.19980554857305,0.510183003818464,-0.30969015873726
5585.35,1,2018,2,1,1,0.6,950.952,18.987,25.6205,68.9995,14700,3629.66346153846,1718.19230769231,4113.19230769231,2874.89423076923,1857.46153846154,1825.16346153846,0.422885155842209,0.207135413017852,0.286832903195017,0.91976144375957,-3781003.75306318,0.634250882121916,1911.47115384615,1.26895192381845,1772.20192307692,0.0512471973596872,1772.20192307692,0.3608096405354,2.26895192381845,0.541173991381784,0.711442577921104,1.49965870579906,0.565736668916967,0.668278940045895,0.999772513633342,0.422868759388465,28.0603369531894,2.96112893414097,0.848604987802791,0.209419902735325,-0.561733303719156
8138.56,2,2018,2,1,1,0.466666666666667,950.194333333333,16.4733333333333,24.9191666666667,63.1663333333333,18758.33,3027.50641025641,681.564102564103,3444.34615384615,1904.94230769231,970.833333333333,877.692307692308,0.630020304073711,0.285755696746775,0.399793485509092,1.3284528305719,-5605259.18757791,0.944903282820228,2345.94230769231,2.12535326959604,2056.67307692308,0.110080789616878,2056.67307692308,0.512601273566448,3.12535326959604,0.768836496494324,0.815010152036855,1.49976698936033,0.770993036859823,1.12221475751493,0.99984471536224,0.629993171283117,38.4336263900236,4.54520456553823,1.15648952994687,0.383673712989182,-0.3797794123987
7190.21,3,2018,2,1,1,0,950.663333333333,20.8248333333333,25.9345,74.4996666666667,14133.33,2700.41025641026,988.711538461538,3174.6858974359,2015.47435897436,1180.10897435897,1184.13461538462,0.473514401475101,0.22198095315263,0.287634548295859,0.922661795734419,-3118862.64620637,0.71017274735259,1711.69871794872,1.43569943246733,1520.30128205128,0.0516071111977306,1520.30128205128,0.398575435351896,2.43569943246733,0.597809503292188,0.73675720073755,1.49958109855154,0.629430327973855,0.725398545907361,0.999720802029548,0.473493310429901,28.4465668869459,3.06610091107393,0.94414546862821,0.219027554352502,-0.539977718815992
2267.48,10,2018,2,1,2,3.57600337980566,793.1968788903,16.0860876874496,23.5083348119983,62.3116666666667,6662.5,3774.28846153846,2427.87820512821,4361.79487179487,3163.03846153846,2435.97435897436,2428.69230769231,0.345701358470238,0.145682407617513,0.220365188678798,0.679281252639893,-2778346.68143106,0.51848399424731,1346.41025641026,1.1815169690225,1338.3141025641,0.0304811902695453,1338.3141025641,0.316284752863237,2.1815169690225,0.47438685053775,0.672850679235119,1.49957627117699,0.45443840435547,0.545351659627599,0.999717563731013,0.345686841221982,21.4903734220691,2.59269597668249,0.681657591223622,0.101259941586955,-0.608537403925291
2313.21,11,2018,2,1,2,0.466666666666667,950.131333333333,19.3178333333333,24.2095,75.9023333333333,7560,2848.91025641026,676.25641025641,3270.37820512821,1816.13461538462,1022.24358974359,948.5,0.583492974279463,0.300408379417781,0.355572956412833,1.16846295630163,-6025733.21954713,0.875084661713905,2172.65384615385,1.60284515595409,1826.66666666667,0.103767186352279,1826.66666666667,0.423651421996075,2.60284515595409,0.635415666287054,0.791746487139731,1.49953450816438,0.732124098672384,0.991454751424632,0.999689851076393,0.583459944861695,34.6761209652008,4.03950553246112,1.0981860842751,0.676420904146081,-0.432878713835412
3050.87,12,2018,2,1,2,0,952.73175,17.5935,27.2945,57.43725,8900,2842.30769230769,947.254807692308,3271.72596153846,2075.21153846154,1181.50961538462,1076.32211538462,0.487277530373925,0.221182145282063,0.308798040364125,0.999231310037405,-3957193.45909999,0.730817572832,1895.05288461538,1.37722201225012,1660.79807692308,0.076218225877678,1660.79807692308,0.400234169305384,2.37722201225012,0.600299676731175,0.743638765186962,1.49957560910436,0.650872562851157,0.723475957854459,0.999717153601489,0.487256467462221,30.2292102879614,3.00581813927887,0.976308818765564,0.227912473369846,-0.541616173414772
4757.37,1,2019,2,1,2,0.35,953.3245,19.737,26.359125,68.1975,11570,2696.03846153846,880.423076923077,3201.27403846154,2277.47596153846,1088.25,1005.62980769231,0.509908433934877,0.169648720207923,0.307225619139962,0.993542290048382,-3356107.11536344,0.764754772055286,1815.61538461538,1.50408320059997,1607.78846153846,0.0742977077705189,1607.78846153846,0.425480271199153,2.50408320059997,0.638162750408811,0.754954216967438,1.49963209810991,0.672153359958304,0.771109602158258,0.999754801802625,0.509885417563653,30.4093076681572,3.1634134877468,1.00823001434718,0.228645170091272,-0.522202657426157
4521.43,2,2019,2,1,2,0,716.25375,19.28675,26.72125,65.76,10740,3964.12019230769,2713.26442307692,4426.54326923077,2745.9375,2714.00961538462,2687.4375,0.382459999164622,0.197763538910886,0.216571906811855,0.665557158845293,-2059150.13811759,0.573601766485633,1250.85576923077,1.15452637133058,1250.11057692308,0.0472930869873448,1250.11057692308,0.331785135638191,2.15452637133058,0.497629327741362,0.691229999582311,1.49961271399004,0.50694886353628,0.567024165281167,0.999741873610874,0.382441174309935,21.8419265732648,2.5641057071683,0.760423272296762,0.137699759447872,-0.601041703293616
6634.62,3,2019,2,1,2,12.9,718.112,19.1725,25.546625,70.15575,14770,2218.56730769231,722.346153846154,2678.51442307692,1860.06730769231,896.865384615385,888.235576923077,0.506016696027843,0.183050440945677,0.266769727179964,0.847172872937111,-2307048.21093808,0.758893947607213,1496.22115384615,1.46050872389151,1321.70192307692,0.0537473366908263,1321.70192307692,0.419316911173832,2.46050872389151,0.628906414033335,0.753008348013922,1.49953931951098,0.671454734613811,0.748645809084507,0.99969298997054,0.505988725421578,27.4482597595283,3.0622574275852,1.00718206221619,0.250213319831035,-0.53162248863573
3405.76,10,2017,3,3,1,0,948.764,17.17675,26.956,56.8955,8833.33,2162.75,1193.15217391304,2534.72826086957,2182.35869565217,1165.96739130435,1216.42391304348,0.290530398382946,0.0747949225977516,0.162124387714743,0.468566034751939,-1000622.52331129,0.435730228096357,969.597826086957,0.891751699681979,996.782608695652,-0.0156544736755037,996.782608695652,0.300661542090743,1.89175169968198,0.450946002444281,0.645265199191473,1.49922180854523,0.444368173563725,0.356662086564738,0.999481313412894,0.290516451469801,16.7809976516471,1.85418982837992,0.666552238858617,-0.0219796489822742,-0.688378345931167
3007.85,11,2017,3,3,1,0,949,13.3375,27.22,43.041,6633.33,2832.52173913043,827.5,3236.58695652174,2129.76086956522,956.434782608696,949.260869565217,0.546664121609903,0.205700442276083,0.338070442934408,1.10513886253669,-4057232.47506723,0.819884230481321,2005.02173913043,1.9609522808488,1876.08695652174,0.0369587153811985,1876.08695652174,0.494264396995214,2.9609522808488,0.74133004012691,0.773332060804951,1.49968608015804,0.706233515534746,0.851805456821054,0.999790783067137,0.54664023630971,33.1002078085909,3.43770948029051,1.05935024844763,0.156180679610515,-0.489326230445695
3570.39,12,2017,3,3,1,3.8,9.509,19.8995,26.512,68.8955,12191.67,3203.85869565217,669.304347826087,3739.21739130435,1991.46739130435,957.54347826087,926.108695652174,0.653964884777036,0.30477159855959,0.427767705824325,1.42966355967241,-6444309.28207094,0.980820684090051,2534.55434782609,2.35879338417913,2246.3152173913,0.0908978662731648,2246.3152173913,0.539578551110805,3.35879338417913,0.809301661929429,0.826982442388518,1.4998029108328,0.790474053648297,1.19135063891436,0.99986865615243,0.653937865213562,40.7081680636012,4.81182609952899,1.18571105694838,0.413564424235337,-0.35143960864798
3923.82,1,2018,3,3,1,0.6,950.952,18.987,25.6205,68.9995,10391.67,3234.66304347826,1394.5,3635.42391304348,2569.22826086957,1537.77173913043,1556.55434782609,0.4343240654449,0.183868487236864,0.284810985844657,0.912446146785969,-3406805.80261468,0.651404413309025,1840.16304347826,1.31314607532654,1696.89130434783,0.0323314143192881,1696.89130434783,0.379859975412492,2.31314607532654,0.569744223175038,0.71716203272245,1.49963172369027,0.592357658964053,0.636879002958752,0.999754534664765,0.434306637784662,28.0348752675507,2.75663289244998,0.888536470423417,0.164223071787457,-0.575799765399196
3441.19,2,2018,3,3,1,0.466666666666667,950.194333333333,16.4733333333333,24.9191666666667,63.1663333333333,9183.33,2765.71014492754,727.971014492754,3177.32608695652,2070.60869565217,898.311594202899,884.876811594203,0.582958127793523,0.210317745383522,0.351007985612689,1.15194689194671,-4170862.07240046,0.874311999465357,2037.73913043478,2.08465068739743,1867.39855072464,0.0541306555904027,1867.39855072464,0.509327353407441,3.08465068739743,0.763920104820081,0.791479063896761,1.49971228285423,0.735997082365736,0.953201200028003,0.999808254266843,0.582931417515755,34.4617064189835,3.82399408031333,1.10399559564822,0.233614146954653,-0.447804703729286
4531.02,3,2018,3,3,1,0,950.663333333333,20.8248333333333,25.9345,74.4996666666667,11350,2404.83333333333,835.514492753623,2875.26086956522,1841.55072463768,994.014492753623,1046.5652173913,0.488540927715236,0.21933089107032,0.273315511037959,0.870855518935334,-2537607.55324863,0.732696407911289,1569.31884057971,1.50606367932093,1410.81884057971,0.0299100693350123,1410.81884057971,0.418675704638759,2.50606367932093,0.627949709247539,0.744270463857618,1.49955958201673,0.651001578919098,0.729110231170997,0.999706476394158,0.488516395228496,27.6605331768545,3.02871736081216,0.97650233740389,0.215978868218471,-0.539172502476323
2378.06,10,2018,3,3,2,3.57600337980566,793.1968788903,16.0860876874496,23.5083348119983,62.3116666666667,6408,4325.42753623188,2551.21014492754,4871.41304347826,3314.86956521739,2638.73188405797,2677.65217391304,0.4281285230951,0.19662504989054,0.280607991841776,0.897239714483546,-4031901.83877965,0.642109054699298,1774.21739130435,1.47352207792458,1686.69565217391,0.0552233883411874,1686.69565217391,0.362814104261726,2.47352207792458,0.544176791727574,0.71406426154755,1.49969438486021,0.537321060292338,0.765943663443983,0.99979630013497,0.428110659071005,27.1572007364274,3.46147887023018,0.805981573240928,0.244903384215231,-0.521344950469345
3025.53,11,2018,3,3,2,0.466666666666667,950.131333333333,19.3178333333333,24.2095,75.9023333333333,8220,2912.17391304348,1029.3115942029,3466.72463768116,2220.92753623188,1276.67391304348,1234.30434782609,0.469931501003759,0.213164104400339,0.300962969461085,0.970884023510207,-4176724.61984569,0.704799263257437,1882.86231884058,1.29928595926618,1635.5,0.0647355985608507,1635.5,0.376046299710291,2.29928595926618,0.564021447071848,0.73496575050188,1.49953800802243,0.628590488392581,0.710449814695905,0.999692097581592,0.469910594533988,29.4262337447497,3.0053061094655,0.94288570412467,0.286726880681419,-0.546385906598221
4242.04,12,2018,3,3,2,0,952.73175,17.5935,27.2945,57.43725,7990,2530.95652173913,1059.25543478261,2997.08695652174,2242.40217391304,1131.9347826087,1092.25,0.399116151160674,0.144475364735938,0.239647041909694,0.749042997629271,-2391584.80659238,0.598587837200036,1471.70108695652,1.20639274636905,1399.02173913043,0.0234875562972548,1399.02173913043,0.369449058532742,2.20639274636905,0.554121054628451,0.699558075580337,1.49941264312247,0.567813435444668,0.533063496931577,0.999608534544776,0.399097719430451,24.0779932596324,2.36265232670811,0.851720126131936,0.0758276872983313,-0.619027597161451
2214.09,1,2019,3,3,2,0.35,953.3245,19.737,26.359125,68.1975,4090,2309.5,930.54347826087,2786.04347826087,2422.36956521739,946.75,945.048913043478,0.423722275900651,0.0693812496820568,0.236795912057772,0.73872760982502,-1946350.37987225,0.635485477116795,1378.95652173913,1.43880485270077,1362.75,0.0048777108713869,1362.75,0.416744756857702,2.43880485270077,0.625051889447955,0.711861137950325,1.49946425356859,0.593657387944342,0.576689027897934,0.999642931299626,0.423701380534691,24.1627363107703,2.49446054850401,0.890486053479974,0.019891896370958,-0.601593775426267
2352.56,2,2019,3,3,2,0,716.25375,19.28675,26.72125,65.76,5850,4073.70652173913,2833.3097826087,4453.85869565217,2897.25543478261,2772.71739130435,2811.07065217391,0.338897463989165,0.167106805417776,0.200382625932041,0.606984340622123,-1836636.35498651,0.50827299459415,1240.39673913043,1.15473533227356,1300.98913043478,0.00703385984992068,1300.98913043478,0.331299592049731,2.15473533227356,0.496901945931767,0.669448731994583,1.49957237928734,0.470508510268624,0.469238721964705,0.999714981632734,0.338881846135915,20.2743169129786,2.23197886689837,0.705762745942637,0.0225573237481273,-0.641216719364143
3093.83,3,2019,3,3,2,12.9,718.112,19.1725,25.546625,70.15575,5760,2512.51086956522,823.04347826087,2963.59239130435,2094.46739130435,922.902173913043,918.646739130435,0.505718502675375,0.17252129867766,0.291091813365054,0.935170180754763,-2886778.85144201,0.75846346361567,1689.46739130435,1.71853309764349,1589.60869565217,0.0291107871837038,1589.60869565217,0.461281248988827,2.71853309764349,0.691853222354458,0.752859251337687,1.49960278550016,0.671244807277188,0.74781372136197,0.999735271562588,0.505694118206707,29.2066188183552,3.05918975569629,1.00686718138196,0.125779684785581,-0.531970212508239
3190.71,10,2017,4,4,1,0,948.764,17.17675,26.956,56.8955,7116.67,2245.1724137931,1328.58620689655,2563.37068965517,2269.70689655172,1279.03448275862,1325,0.261402805671079,0.0615476571961504,0.149995739170514,0.424684584318919,-923455.934264828,0.392047892284909,916.586206896552,0.814918659426591,966.137931034483,-0.0175897058847136,966.137931034483,0.278504605764169,1.81491865942659,0.417715651885119,0.63070140283554,1.49919442944524,0.405630812013254,0.316779221332474,0.999463054651895,0.261390790363051,15.4635149041988,1.75101018743729,0.608446199793401,-0.036187605641504,-0.703438183046206
2672.44,11,2017,4,4,1,0,949,13.3375,27.22,43.041,6800,2847.15517241379,873.362068965517,3278.75862068966,2197.10344827586,987.362068965517,966.51724137931,0.529327821466836,0.196987014268432,0.330100036717212,1.07630193284287,-3939334.49313297,0.793885155424434,1973.79310344828,1.88440668059342,1859.79310344828,0.0355445682915366,1859.79310344828,0.484090163609208,2.88440668059342,0.726070863346783,0.764663910733418,1.49967184789484,0.691342130858786,0.808615635282443,0.999781294175818,0.529305083010199,32.3182288768025,3.28226681664802,1.03701317257684,0.130291807884075,-0.507056197090958
3146.15,12,2017,4,4,1,3.8,9.509,19.8995,26.512,68.8955,8833.33,3260.20689655172,694.051724137931,3849,2008.27586206897,982.629310344828,934.456896551724,0.648063208137961,0.314066965588606,0.429764203420616,1.43688688797579,-6630207.49435027,0.971971964371849,2566.15517241379,2.32671932456376,2277.5775862069,0.094092579683377,2277.5775862069,0.536343994169193,3.32671932456377,0.804451468581116,0.82403160406898,1.49980106633165,0.785746974821073,1.1756814316488,0.999867424952657,0.648036998345362,40.775464006177,4.75640724499348,1.17862043974073,0.393087974691807,-0.358066573999478
3003.85,1,2018,4,4,1,0.6,950.952,18.987,25.6205,68.9995,7783.33,3512.23275862069,1745.46551724138,4072.13793103448,2987.93103448276,1815.22413793103,1780.0775862069,0.393289699071026,0.177063746293163,0.263118764908368,0.833963691438474,-3191809.90185758,0.589862210915005,1766.76724137931,1.21094687734821,1697.00862068966,0.0318102198392644,1697.00862068966,0.354612059246143,2.21094687734821,0.531876921874509,0.696644849535513,1.49962188154271,0.541755518498882,0.577055794337885,0.999747968246004,0.393274265655705,25.995464210376,2.59575226210488,0.81263326194509,0.125584527067149,-0.5988043119333
3900.56,2,2018,4,4,1,0.466666666666667,950.194333333333,16.4733333333333,24.9191666666667,63.1663333333333,10391.67,2829.79885057471,735.66091954023,3246.81034482759,2075.39655172414,920.706896551724,886.379310344828,0.586779240539257,0.219681719798054,0.358653615951286,1.17960878251175,-4405850.77318306,0.880045480044069,2094.13793103448,2.07713512092639,1909.09195402299,0.0635088615105136,1909.09195402299,0.508634431871099,3.07713512092639,0.762882465877574,0.793389620269629,1.49972196891825,0.739104169254071,0.964143631921356,0.9998147086913,0.586752916798481,35.0511250199682,3.86621043396787,1.10865622706409,0.242139986626327,-0.44333071032799
3483.84,3,2018,4,4,1,0,950.663333333333,20.8248333333333,25.9345,74.4996666666667,9683.33,2715.19540229885,1018.77586206897,3192.06321839081,2136.06896551724,1158.37356321839,1175.39655172414,0.467233239196596,0.198282079660884,0.284389099309826,0.910919761302951,-3065405.12473162,0.70075272036396,1696.41954022989,1.53330490855029,1556.82183908046,0.0348742066338784,1556.82183908046,0.411127884178994,2.53330490855029,0.616636166963037,0.733616619598298,1.49957873116338,0.622026802354859,0.711727623093135,0.999719222265941,0.467212514366089,28.1296093557687,3.01559895166105,0.933040180759094,0.166862682045057,-0.545250579678672
2793.28,10,2018,4,4,2,3.57600337980566,793.1968788903,16.0860876874496,23.5083348119983,62.3116666666667,7550,3850.68965517241,2269.39655172414,4318.11494252874,2987.18390804598,2374.99425287356,2394.17816091954,0.399999927660102,0.17937626833634,0.260107223026285,0.823067932909101,-3780850.42992853,0.599921324242284,1581.29310344828,1.39378977542379,1475.69540229885,0.051166183584441,1475.69540229885,0.342145170342283,2.39378977542379,0.513174932132228,0.699999963830051,1.49962744643497,0.502431377497594,0.712097318320621,0.99975167815605,0.399983165122509,25.003858920216,3.28375517060829,0.753647049716442,0.213785512872433,-0.542495292989069
2634.08,11,2018,4,4,2,0.466666666666667,950.131333333333,19.3178333333333,24.2095,75.9023333333333,9000,2878.9367816092,650.66091954023,3371.00574712644,1764.95977011494,1019.77586206897,942.873563218391,0.604324579703028,0.325308686438852,0.367219755410583,1.21060107507549,-6202420.62932027,0.906329159370923,2228.27586206897,1.65681716704048,1859.16091954023,0.112529598707006,1859.16091954023,0.435533699807683,2.65681716704048,0.653237670936173,0.802162289851514,1.49960849176075,0.750905766329174,1.042254559043,0.999739144760694,0.60429092956689,35.7971228510302,4.22524324235285,1.12635859036922,0.710805026827383,-0.412371588706129
4255.18,12,2018,4,4,2,0,952.73175,17.5935,27.2945,57.43725,7600,2639.11206896552,1038.20689655172,3107.44827586207,2181.40517241379,1165.26724137931,1090,0.424688113871652,0.173727279175839,0.260688088201133,0.825169503111699,-2799763.20476786,0.636943831901087,1600.90517241379,1.24010082824188,1473.84482758621,0.0439523546618042,1473.84482758621,0.37621423638764,2.24010082824188,0.564270319554181,0.712344056935826,1.49947989636094,0.592965821741557,0.583478113571241,0.999653355214646,0.424669266356142,25.9508566481355,2.52431393042474,0.889448707593374,0.119017260448417,-0.598632352033611
2495.62,1,2019,4,4,2,0.35,953.3245,19.737,26.359125,68.1975,4620,2468.71120689655,1012.20689655172,2947.33620689655,2454.33189655172,1059.375,1041.03017241379,0.420212812925939,0.0914829628961579,0.244792145078626,0.767657980894468,-2151689.71947037,0.63022786077829,1456.50431034483,1.35807832731831,1409.33620689655,0.0159422596042413,1409.33620689655,0.40112556543889,2.35807832731831,0.601629813205468,0.710106406462969,1.49949844603923,0.589549575494528,0.571722449102134,0.999665713819512,0.42019332115882,24.724096031415,2.48171562671608,0.884324338370662,0.0493288717079262,-0.603513694723676
2306.16,2,2019,4,4,2,0,716.25375,19.28675,26.72125,65.76,5080,3920.56896551724,2721.98275862069,4439.01724137931,2836.40086206897,2642.78879310345,2674.26724137931,0.357308244414836,0.173204670544825,0.20474166703825,0.622755351344388,-1896935.13776212,0.535881864735865,1198.58620689655,1.23423881736342,1277.78017241379,0.0126642656540927,1277.78017241379,0.344019181013708,2.23423881736342,0.51597801183286,0.678654122207418,1.49958182470891,0.484410469479299,0.509927118703378,0.999721281163731,0.357291068919408,20.6607019833511,2.36788755517105,0.726615682815195,0.0392355665580649,-0.624423776418734
3436.77,3,2019,4,4,2,12.9,718.112,19.1725,25.546625,70.15575,7070,2466.39224137931,749.004310344828,2866.25431034483,1936.4224137931,903.883620689655,905.73275862069,0.531689297335769,0.197163607300966,0.299315170968826,0.964922288565212,-3039175.37584141,0.79740739000343,1717.38793103448,1.71193641162387,1562.50862068966,0.0440134968252024,1562.50862068966,0.458657621839264,2.71193641162387,0.687916430972483,0.765844648667885,1.4996129218763,0.69385975056921,0.810791617127911,0.999742038112235,0.531662295722674,30.1320743739629,3.2830244447403,1.04078959153306,0.222183285226452,-0.506138102835871
3261.53,10,2017,5,4,1,0,948.764,17.17675,26.956,56.8955,6716.67,2169.54255319149,1235.59574468085,2591.3085106383,2251.59574468085,1177.46808510638,1215.54255319149,0.275673500044336,0.0707432976654567,0.154932650724145,0.442546330319958,-931982.389130759,0.413449024415058,933.946808510638,0.87555040616763,992.074468085106,-0.0198364910905979,992.074468085106,0.297221235435319,1.87555040616763,0.445786290389322,0.637836750022168,1.49919649170146,0.426581311854904,0.334168347427629,0.999464435925432,0.275660437252859,16.0385076266133,1.79224693214893,0.639871947427505,-0.0462975180779983,-0.69710556685363
2418.84,11,2017,5,4,1,0,949,13.3375,27.22,43.041,6683.33,2735.57446808511,909.468085106383,3153.82978723404,2203.48936170213,967.68085106383,965,0.500323324427408,0.177180149707248,0.306012040753649,0.989151563446702,-3362810.69936962,0.750382116661105,1826.10638297872,1.82875026870991,1767.89361702128,0.0161839967725632,1767.89361702128,0.476789958823014,2.82875026870991,0.715119282709932,0.750161662213704,1.4996313882056,0.666061063906309,0.737357466977878,0.999754326037701,0.500301376784499,30.2238272607439,3.02643721728427,0.999091571720522,0.0668162244048035,-0.536225206913322
3154.47,12,2017,5,4,1,3.8,9.509,19.8995,26.512,68.8955,8225,3147.23404255319,718.691489361702,3702.05319148936,2040.48936170213,955.978723404255,935.595744680851,0.627741051152336,0.289230686288594,0.408215233141876,1.35892271350731,-5924053.52835939,0.941489791015383,2428.54255319149,2.30506205939737,2191.25531914894,0.0723561795329066,2191.25531914894,0.533742062297064,3.30506205939737,0.800546720289042,0.813870525576168,1.49978029563404,0.770784167661483,1.09801033567625,0.999853581161381,0.627715067912999,39.0405805453925,4.41473767176787,1.15617622817015,0.324909500899625,-0.389019169795986
2479.74,1,2018,5,4,1,0.6,950.952,18.987,25.6205,68.9995,5575,2705.52127659574,1104.22340425532,3188.76595744681,2181.39361702128,1231.32978723404,1253.64893617021,0.438522107477841,0.193513824639066,0.262487805329596,0.83168087968248,-2632813.73426729,0.657688147896893,1601.29787234043,1.30441689030163,1474.1914893617,0.0261735940875796,1474.1914893617,0.384415536131681,2.30441689030163,0.576570031653083,0.719261053738921,1.49955171052343,0.602770361671998,0.623018796502517,0.999701218635198,0.438501835859153,26.325918234065,2.67206571270872,0.904155516855273,0.167547826824314,-0.582141122507311
3544.19,2,2018,5,4,1,0.466666666666667,950.194333333333,16.4733333333333,24.9191666666667,63.1663333333333,7016.67,2723.36879432624,765.390070921986,3147.32624113475,2092.31914893617,895.106382978723,887.836879432624,0.560992650674441,0.200756659143839,0.336149832256855,1.0981900931053,-3851686.3416409,0.84136826619997,1957.97872340426,2.04799284135855,1828.26241134752,0.0398963818371066,1828.26241134752,0.504994959131837,3.04799284135855,0.757421191111524,0.780496325337221,1.49968811447299,0.718207682947366,0.889960984614195,0.999792144144401,0.560966896731944,33.136337129055,3.57970499885197,1.07731149677778,0.171653633333851,-0.473677920331177
4186.39,3,2018,5,4,1,0,950.663333333333,20.8248333333333,25.9345,74.4996666666667,8450,2445.4609929078,836.921985815603,2926.14893617021,1874.5390070922,965,994.269503546099,0.490229987186682,0.219525526867746,0.278563487725535,0.889842698590985,-2654143.17120482,0.73523250833618,1608.5390070922,1.58720494742993,1480.4609929078,0.0270498826940877,1480.4609929078,0.434103579695641,2.58720494742993,0.651090229926335,0.745114993593341,1.49956970210708,0.654498698299138,0.725465447962052,0.99971321983595,0.490205990559317,28.0679448677918,3.00417853411786,0.981748017769119,0.165264917406647,-0.54086397190758
2209.16,10,2018,5,4,2,3.57600337980566,793.1968788903,16.0860876874496,23.5083348119983,62.3116666666667,6960,4436.95035460993,2540.40425531915,5060.41134751773,3307.19858156028,2630.42553191489,2594.78014184397,0.453029431110888,0.225019023671869,0.305463558447762,0.987167154464002,-4918254.30955044,0.679458696507195,1896.54609929078,1.63824073030357,1806.52482269504,0.0683197383499416,1806.52482269504,0.379466419720333,2.63824073030357,0.569155403104127,0.726514715555444,1.49972448655366,0.550979914043563,0.865649515051601,0.999816361984429,0.453011200145504,29.0352108207328,3.90731549465736,0.826469855119017,0.297269995891322,-0.481735735464884
2747.63,11,2018,5,4,2,0.466666666666667,950.131333333333,19.3178333333333,24.2095,75.9023333333333,8080,2904.42553191489,1052.28368794326,3397.27659574468,2206.66666666667,1288.23404255319,1248.63829787234,0.464210889245614,0.20755447218109,0.296072778952369,0.95319131424967,-3958008.1960151,0.696221037061972,1852.14184397163,1.29044252502932,1616.1914893617,0.0619953868580224,1616.1914893617,0.374641396275927,2.29044252502932,0.561914280944062,0.732105444622807,1.49953969332207,0.624089562895972,0.696438464066207,0.999693215602041,0.464190557163933,29.0321061580776,2.95598495250858,0.936134318208273,0.258079540332886,-0.552182785286325
3736.5,12,2018,5,4,2,0,952.73175,17.5935,27.2945,57.43725,7670,2549.76063829787,1038.6329787234,3015.92553191489,2206.78191489362,1123.21808510638,1088.43617021277,0.40899441789008,0.153554549776162,0.246478520300439,0.77375928644699,-2525241.67690108,0.61340342669224,1511.12765957447,1.2409564770437,1426.54255319149,0.0252786826066381,1426.54255319149,0.375374547595568,2.2409564770437,0.563008649881394,0.70449720894504,1.49942570782661,0.577530769272025,0.551937898425081,0.999617243397575,0.40897559986697,24.7037287139039,2.42177347884229,0.866296126702142,0.0860895848362236,-0.611390504018893
2993.2,1,2019,5,4,2,0.35,953.3245,19.737,26.359125,68.1975,5220,2331.3670212766,932.228723404255,2816.39361702128,2407.63829787234,935.755319148936,936.212765957447,0.42637731794287,0.0766201965060802,0.239812567942509,0.749641870815997,-2020259.10712472,0.639468157782824,1399.13829787234,1.49140319983689,1395.61170212766,0.00100403698208743,1395.61170212766,0.425040180978582,2.49140319983689,0.637493917503299,0.713188658971435,1.49946939258401,0.595582551241937,0.584138213146822,0.999646356029351,0.426356447682584,24.4125023819841,2.52213356002114,0.89337379876137,0.00791881746201437,-0.598491032553352
2055.78,2,2019,5,4,2,0,716.25375,19.28675,26.72125,65.76,4140,4006.99468085106,2763.06914893617,4453.97872340426,2802.17553191489,2681.66489361702,2716.87765957447,0.355206502194381,0.181437893705561,0.20648892594997,0.629076934086993,-1905589.65475238,0.532731177957677,1243.92553191489,1.26584898122825,1325.32978723404,0.00577646550724594,1325.32978723404,0.349804115670881,2.26584898122825,0.524654953589868,0.677603251097191,1.49958476995131,0.485197104029228,0.502784202586283,0.999723243302527,0.355189737760672,20.8659435704647,2.34126018180909,0.727795635295282,0.0190094020369161,-0.627539823895654
3376.85,3,2019,5,4,2,12.9,718.112,19.1725,25.546625,70.15575,5260,2565.95212765957,841.925531914894,3039.62765957447,2130.27127659574,927.574468085106,922.446808510638,0.505698282941603,0.175906560706041,0.29532286152149,0.95047811298475,-2991957.02151735,0.758435808775693,1724.02659574468,1.76602132737403,1638.37765957447,0.0251879497345994,1638.37765957447,0.468456165758103,2.76602132737403,0.702615725069571,0.752849141470801,1.4996132964696,0.671195060719727,0.748013009807652,0.99974227447847,0.50567446921447,29.5145075485757,3.06036848287243,1.00679256306844,0.105107221045915,-0.531888985030495
4097.83,10,2017,6,2,1,0,948.764,17.17675,26.956,56.8955,9666.67,2088.55084745763,1119.47457627119,2392.72881355932,1959.48305084746,1147.57627118644,1199.46610169492,0.29619346458047,0.103298956309053,0.163806084428306,0.47465041346161,-1093964.41537589,0.444222031476237,969.076271186441,0.854541778261487,940.974576271186,-0.00414976589443934,940.974576271186,0.284736497238585,1.85454177826149,0.427060625772889,0.648096732290235,1.49916247891983,0.446544760673114,0.372119040096353,0.999441774612728,0.296178921105627,16.9337575128758,1.90867287752112,0.669817118068599,0.0283751910499016,-0.681784665698012
4833.55,11,2017,6,2,1,0,949,13.3375,27.22,43.041,11883.33,2866.71186440678,826.474576271186,3292.22033898305,2160.71186440678,1025.81355932203,964.610169491525,0.552076572274358,0.207329584605701,0.343402991737937,1.12443202410785,-4174413.05785066,0.828002757699019,2040.23728813559,1.79556840254111,1840.89830508475,0.0677902293543907,1840.89830508475,0.472586028702243,2.79556840254111,0.708817128566856,0.776038286137179,1.49969680940477,0.711147933313233,0.863200266669646,0.999797933981638,0.552052655252725,33.5585387795819,3.47466149334845,1.06672187549386,0.225120301721421,-0.484629477823922
4460.14,12,2017,6,2,1,3.8,9.509,19.8995,26.512,68.8955,11350,3114.56779661017,699.169491525424,3697.30508474576,2028.40677966102,1028.27966101695,941.745762711864,0.632514802019834,0.291214869430815,0.408024715297087,1.35823341994486,-5867172.51801583,0.948647803046368,2415.39830508475,2.0401569817357,2086.28813559322,0.1124734703131,2086.28813559322,0.502794334214231,3.0401569817357,0.754129624673629,0.816257401009917,1.49978128384317,0.774522894752971,1.11308920112918,0.999854241186213,0.632488260986771,39.0792413114326,4.47567901112932,1.1617843180638,0.419767461711373,-0.382892656908888
4950,1,2018,6,2,1,0.6,950.952,18.987,25.6205,68.9995,11550,3315.66949152542,1613.18644067797,3906.13559322034,2885.59322033898,1709.87288135593,1672.24576271186,0.393560864745643,0.168314024722611,0.256881960194623,0.811398931984147,-2928854.7841461,0.590266240368424,1702.48305084746,1.13310408508484,1605.79661016949,0.0365695012963597,1605.79661016949,0.347361760247795,2.13310408508484,0.521001013303016,0.696780432372822,1.49959987272388,0.547964668511552,0.560810139755182,0.999733301904557,0.393544851158101,25.5383486736406,2.51450886768146,0.821946985265253,0.136199106535842,-0.606020333513659
5095.92,2,2018,6,2,1,0.466666666666667,950.194333333333,16.4733333333333,24.9191666666667,63.1663333333333,11875,2555.93220338983,767.254237288136,2989.0790960452,2107.80790960452,928.011299435028,891.158192090395,0.537475597395948,0.172484965853326,0.310541340130207,1.00553856859109,-3224006.97017492,0.806092171016587,1788.6779661017,1.7580806677198,1627.9209039548,0.0565406375036491,1627.9209039548,0.466592049659712,2.7580806677198,0.699819787691078,0.768737798697974,1.49964355742478,0.69841485910635,0.828151929835639,0.999762448684845,0.537449733399141,31.0022720579947,3.35098858529409,1.04762225875488,0.201857446405021,-0.499021586886076
6183.92,3,2018,6,2,1,0,950.663333333333,20.8248333333333,25.9345,74.4996666666667,10275,2379.36723163842,996.598870056497,2916.93220338983,2104.18079096045,1100.69491525424,1122.34463276836,0.420069480224494,0.162379740301102,0.236489822113177,0.737620176405474,-2003831.18107343,0.630007256552514,1382.76836158192,1.26800168370398,1278.67231638418,0.0235845212022192,1278.67231638418,0.374787603257725,2.26800168370398,0.562124746276357,0.710034740112247,1.49947054545571,0.582143265188358,0.590803390656346,0.999647120814158,0.420048792423362,24.0614630366657,2.57402421265391,0.873214870399897,0.124607753591032,-0.59487969382329
1837.31,10,2018,6,2,2,3.57600337980566,793.1968788903,16.0860876874496,23.5083348119983,62.3116666666667,6137.5,4017.6779661017,2485.60451977401,4445.18079096045,3222.76836158192,2561.29943502825,2562.89265536723,0.38416445571619,0.157759273260067,0.250180585779382,0.787153359349805,-3533697.83084063,0.576172000513225,1532.07344632768,1.30258278346741,1456.37853107345,0.0495820534691832,1456.37853107345,0.331443013886275,2.30258278346741,0.497123524866729,0.692082227858095,1.49962849554693,0.488341539191316,0.665386528838729,0.999752376534993,0.38414852190126,24.115680834917,3.0911822542759,0.732512293015655,0.190136512190538,-0.560868458987973
3015.71,11,2018,6,2,2,0.466666666666667,950.131333333333,19.3178333333333,24.2095,75.9023333333333,7780,2931.83050847458,630.790960451977,3423.91525423729,1758.68926553672,1023.41807909605,945.728813559322,0.616407049487812,0.331600946673648,0.37860235989173,1.25178333808828,-6634579.54296177,0.924450147446447,2301.0395480226,1.69219796463968,1908.41242937853,0.119100036738602,1908.41242937853,0.439040409051579,2.69219796463968,0.65849775477561,0.808203524743906,1.49961404818456,0.759436039172008,1.09216664198436,0.9997428513055,0.616372819672279,36.7175920498153,4.45036290628169,1.13915399844546,0.770891107637384,-0.392563116770542
2787.8,12,2018,6,2,2,0,952.73175,17.5935,27.2945,57.43725,8040,2756.01271186441,954.427966101695,3225.30084745763,2104.51694915254,1177.74152542373,1074.19915254237,0.471023263343757,0.206606527443869,0.294866377797724,0.948826554872165,-3600209.46181301,0.706438365576527,1801.58474576271,1.30874533348033,1578.27118644068,0.0732769797698872,1578.27118644068,0.387772795898399,2.30874533348033,0.581608407003704,0.735511631671878,1.49954088317881,0.635388079583155,0.688463939265972,0.99969400780007,0.471002668369337,28.9947434569071,2.88734301695228,0.953082093736196,0.212492783974875,-0.555822143893278
4010.18,1,2019,6,2,2,0.35,953.3245,19.737,26.359125,68.1975,8620,2566.23728813559,1003.18220338983,3034.78389830508,2450.13559322034,1129.88559322034,1073.26694915254,0.44424617660299,0.106054581934365,0.261930907071026,0.829666021782973,-2475972.41564353,0.666273433276302,1563.05508474576,1.31702625748081,1436.35169491525,0.0452575165157807,1436.35169491525,0.392978578674244,2.31702625748081,0.589412401876531,0.722123088301495,1.49954452166784,0.611878004810964,0.622804810619859,0.999696425830205,0.444225730502506,26.3078555836492,2.65151607429583,0.917816982153361,0.128738569016963,-0.582676662656277
3821.03,2,2019,6,2,2,0,716.25375,19.28675,26.72125,65.76,9280,3831.0593220339,2683.67372881356,4318.88983050847,2819.43220338983,2652.44491525424,2691.66101694915,0.350495982443865,0.162530689236077,0.194647752771786,0.586235569528323,-1627506.83402484,0.525661321238031,1147.38559322034,1.1114759277784,1178.61440677966,0.0215192570180267,1178.61440677966,0.324998546106965,2.1114759277784,0.487448038092561,0.675247991221933,1.49955418470059,0.480503877758351,0.492511010571389,0.999702862055128,0.350478348028692,19.9171936597383,2.30628456881462,0.720755793238542,0.0679238593615706,-0.631710442147607
4902.17,3,2019,6,2,2,12.9,718.112,19.1725,25.546625,70.15575,9410,2210.35169491525,766.631355932203,2678.22033898305,1974.33474576271,897.156779661017,905.783898305085,0.481888300261362,0.15246398733743,0.255695614015022,0.80710673150635,-2151840.86513916,0.72270962642688,1443.72033898305,1.45156657552924,1313.19491525424,0.0349800558126562,1313.19491525424,0.418095552604887,2.45156657552924,0.627074436260028,0.740944150130681,1.49950801958493,0.649628860642841,0.694540894185503,0.999672123108731,0.481862094724699,26.3206252832291,2.87739713107762,0.974443253456465,0.180903853901388,-0.553761110061406
4141.28,10,2017,7,1,1,0,948.764,17.17675,26.956,56.8955,10850,2365.3,1255.79,2846.35,2383.03,1241.31,1261.59,0.314582116981425,0.0895384647574675,0.183265016265428,0.54505282884832,-1377202.29650097,0.471805881546075,1109.51,0.973575539567467,1123.99,-0.00327506033853178,1123.99,0.315196996266525,1.97357553956747,0.472750222731097,0.657291058490712,1.4993114062448,0.464601519392752,0.407323413928705,0.99954102816479,0.314567759544148,18.6672467799771,2.01933885858555,0.696902259437176,0.00786575169712891,-0.667555043165352
2959.33,11,2017,7,1,1,0,949,13.3375,27.22,43.041,11350,3016.42,759.44,3413.26,2084.84,1015,943,0.596913009740229,0.241072058790337,0.380213366163468,1.25761195877943,-5134512.65342004,0.895251008370998,2256.98,1.97284634172113,2001.42,0.0880833832796659,2001.42,0.495749861122411,2.97284634172113,0.743562068766801,0.798456504870115,1.49974586674478,0.746704839028989,0.998950504482542,0.999830633212673,0.596887726131349,36.6997680039235,4.01099072972053,1.12005723450031,0.313144023465966,-0.429196178942875
5054.71,12,2017,7,1,1,3.8,9.509,19.8995,26.512,68.8955,14516.67,3167.47,655.08,3721.76,1935.62,1008.55,922.18,0.657023366964181,0.315550419122714,0.426123331049668,1.4237142117377,-6330593.14050894,0.985406100552207,2512.39,2.14913066664079,2158.92,0.122455154821869,2158.92,0.516899004241539,3.14913066664079,0.775285326689406,0.82851168348209,1.49980275310117,0.792613993603086,1.20470395946746,0.99986855209838,0.656995855203727,40.6247850551533,4.87346162000265,1.18892096622695,0.480559458322778,-0.346184565092996
5752.36,1,2018,7,1,1,0.6,950.952,18.987,25.6205,68.9995,13983.33,2383.51,770.78,2775.09,1660.61,1014.14,1037.72,0.511591945799343,0.254891847818378,0.282011139353247,0.902316302180047,-2776009.57739838,0.767260985022059,1612.73,1.36935628989184,1369.37,0.0608589314554732,1369.37,0.397419998345096,2.36935628989184,0.596069323590455,0.755795972899671,1.49956148718433,0.672200577741726,0.784197193196993,0.999707760407841,0.511564863408405,28.5882192246865,3.22657448405813,1.00830082950016,0.382747748205964,-0.516825858237644
5749.68,2,2018,7,1,1,0.466666666666667,950.194333333333,16.4733333333333,24.9191666666667,63.1663333333333,13183.33,2692.24,689.113333333333,3124.55333333333,1968.22,914.093333333333,867.413333333333,0.591787784310027,0.226684726832189,0.349032866020657,1.14480090926274,-4041764.35991066,0.887550388637723,2003.12666666667,1.9520432027326,1778.14666666667,0.0807154617597915,1778.14666666667,0.492398401023984,2.9520432027326,0.738527960784499,0.795893892155013,1.49971131210557,0.742790221458275,0.9826978821689,0.999807610902386,0.591759773419261,34.4239598044718,3.94623440479235,1.11418530224675,0.310702205958131,-0.435872537306345
7918.78,3,2018,7,1,1,0,950.663333333333,20.8248333333333,25.9345,74.4996666666667,15183.33,2179.72,740.573333333333,2573.80666666667,1634.8,918.846666666667,979.353333333333,0.491416121771156,0.221791500621957,0.256870860934787,0.811358774862058,-2177774.49605554,0.736994656524866,1439.14666666667,1.3965004488558,1260.87333333333,0.0352094088324173,1260.87333333333,0.402575309547899,2.3965004488558,0.603795987340528,0.745708060885578,1.49950066091603,0.655537184500667,0.728457555845293,0.999667226103607,0.491388486098723,26.5108795140009,3.01521945468191,0.983305735789007,0.289575119795934,-0.539650079230661
2057.39,10,2018,7,1,2,3.57600337980566,793.1968788903,16.0860876874496,23.5083348119983,62.3116666666667,7860,4311.95333333333,2618.22,4875.35333333333,3442.61333333333,2676.11333333333,2665.38,0.406774673576972,0.177353715391367,0.270205789366509,0.859604545928031,-3953397.57652673,0.610084791122704,1693.73333333333,1.40518533938186,1635.84,0.053000607572896,1635.84,0.35061142547563,2.40518533938186,0.525875263376143,0.703387336788486,1.49967571750976,0.513774790997683,0.714045537448202,0.999783853701868,0.406758198687042,25.9907832452847,3.26322776045672,0.770662170890733,0.206639700339557,-0.541665120805697
2712.99,11,2018,7,1,2,0.466666666666667,950.131333333333,19.3178333333333,24.2095,75.9023333333333,8740,3073.47333333333,915.373333333333,3608.00666666667,2071.58666666667,1220.65333333333,1155.32666666667,0.534645763095076,0.274027598387789,0.345714824995918,1.13279623683523,-5509943.05583765,0.801852900069609,2158.1,1.5252541937831,1852.82,0.087965395454627,1852.82,0.413525238744093,2.5252541937831,0.620234701433238,0.767322881547538,1.49961197246958,0.686326890405412,0.888988915943274,0.999741409435352,0.534621067957708,33.4553181457225,3.70880452130402,1.02949030169062,0.428660862672875,-0.475181040887722
3993.83,12,2018,7,1,2,0,952.73175,17.5935,27.2945,57.43725,10580,2901.14,903.99,3385.705,2012.225,1158.765,1050.495,0.507727198548165,0.249148607996343,0.325456233818598,1.05950065395569,-4502831.28964725,0.761487868159708,1997.15,1.46816327958903,1742.375,0.0842425304609066,1742.375,0.412489688943789,2.46816327958903,0.618681695329996,0.753863599274083,1.49958447478941,0.667344457572443,0.785457668892771,0.999723067264709,0.50770523802861,31.6429129830299,3.25275164163089,1.00101665959551,0.259793055214881,-0.51644515169372
5513.27,1,2019,7,1,2,0.35,953.3245,19.737,26.359125,68.1975,12290,2671.555,745.28,3178.02,2124.375,988.365,903.25,0.560941048795208,0.197440356767679,0.332734320406501,1.08583277123072,-3810698.89163497,0.841288591861372,1926.275,1.70410381544457,1683.19,0.0909870069079559,1683.19,0.457720750677169,2.70410381544457,0.686517281706601,0.780470524397604,1.49967335648391,0.716404583644967,0.903574397834906,0.999782309623464,0.560914810160024,32.8547326731167,3.65611028141111,1.07460684665126,0.30104454827131,-0.468267082095828
4833.45,2,2019,7,1,2,0,716.25375,19.28675,26.72125,65.76,12770,4008.495,2599.915,4484.94,2574.175,2661.735,2652.275,0.417976546662193,0.23696560437628,0.240290018796563,0.751369288005964,-2463248.15542262,0.626869127902868,1408.58,1.27581534180691,1346.76,0.0582579966317256,1346.76,0.35097247684755,2.27581534180691,0.526408314064265,0.708988273331097,1.49965517341439,0.540262862893485,0.6548971773071,0.999770176411223,0.417956130216369,24.1045669764794,2.88330333398095,0.810394270666286,0.19510673847725,-0.565259008284404
6635.85,3,2019,7,1,2,12.9,718.112,19.1725,25.546625,70.15575,15830,2461.72,723.66,2946.585,1966.415,923.835,891.205,0.545594240608932,0.199363830925692,0.305878208067407,0.988667356787879,-3045000.216265,0.818262387140009,1738.06,1.66541905249015,1537.885,0.0676573745989369,1537.885,0.453515758642038,2.66541905249015,0.680205192665506,0.772797120304466,1.49963835449565,0.705301723916459,0.849396682281186,0.999758986649308,0.545566723242448,30.7779272697877,3.42974673429933,1.05795255277868,0.272398114828881,-0.490332270978599
4040.82,10,2017,8,3,1,0,948.764,17.17675,26.956,56.8955,9633.33,2007.23275862069,1098.49137931034,2427.12931034483,1975.3275862069,1110.09482758621,1156.36206896552,0.283343168327376,0.108589023627171,0.154285672489137,0.440205563065696,-992029.873535982,0.424947936847714,908.741379310345,0.828093752058726,897.137931034483,-0.00707064236907552,897.137931034483,0.278061505687748,1.82809375205873,0.417047952197701,0.641671584163688,1.49908663881972,0.430644155206282,0.352607981769458,0.999391229163693,0.283328912785193,16.0301432331866,1.85445761824159,0.645966209056651,0.0137611839300839,-0.689331131764561
5054.88,11,2017,8,3,1,0,949,13.3375,27.22,43.041,14700,3078.91379310345,759.01724137931,3508.65517241379,2093.39655172414,976.465517241379,947.155172413793,0.604349664455629,0.252541344277265,0.389206915577717,1.29015062056018,-5388610.0524111,0.906406375415752,2319.89655172414,2.15507186963658,2102.44827586207,0.067446150803512,2102.44827586207,0.518237876596142,3.15507186963658,0.777291642234814,0.802174832227814,1.49975906895682,0.753199251320486,1.01549347849269,0.999839432155981,0.604324463017815,37.4413102014839,4.06548141435464,1.12979885359792,0.277503116874991,-0.422301649681421
4773.41,12,2017,8,3,1,3.8,9.509,19.8995,26.512,68.8955,15816.67,3508.34482758621,626.068965517241,4082.18965517241,1962.71551724138,986.534482758621,925.5,0.696443701033762,0.350246765822231,0.479935865139114,1.61840796007331,-8346000.69898353,1.04453922194574,2882.27586206897,2.57325223663965,2521.81034482759,0.119850964000452,2521.81034482759,0.560500945713512,3.57325223663965,0.840687812922192,0.848221850516881,1.49984537153999,0.820601662684473,1.37515636169678,0.99989695526543,0.696416748499284,44.797542951303,5.66319983393517,1.23090247303145,0.529289215542686,-0.279436778704436
5759.93,1,2018,8,3,1,0.6,950.952,18.987,25.6205,68.9995,13933.33,3443.14655172414,1444.0775862069,3965.51724137931,2685.60344827586,1607.48275862069,1585.56034482759,0.45267007751518,0.212917418497919,0.307157027683734,0.993294126159748,-4100540.91305023,0.67892382173792,1999.06896551724,1.38842816254774,1835.66379310345,0.049964962483355,1835.66379310345,0.38796817402748,2.38842816254774,0.581908545917786,0.72633503875759,1.49966636099827,0.603016339838738,0.710433251374981,0.999777618890375,0.452652733206029,29.8514053929615,3.07138101868324,0.904524493541755,0.213140150962239,-0.545578687043771
5328.75,2,2018,8,3,1,0.466666666666667,950.194333333333,16.4733333333333,24.9191666666667,63.1663333333333,14750,2941.21264367816,670.971264367816,3352.27011494253,1997.65517241379,910.459770114943,873.925287356322,0.627670848589896,0.252639727803786,0.389958684433988,1.29287052028217,-5183311.95164197,0.941376031220281,2270.24137931034,2.23520785153505,2030.75287356322,0.0822580647093257,2030.75287356322,0.526630124452876,3.23520785153505,0.78987545386844,0.813835424294948,1.49976433581633,0.770690397951912,1.09790651440339,0.999842948726452,0.627643061085444,37.7448072996625,4.41423708025271,1.15603557022975,0.3413080009906,-0.38904344366214
5171.82,3,2018,8,3,1,0,950.663333333333,20.8248333333333,25.9345,74.4996666666667,13541.67,2530.39655172414,838.908045977012,2978.22988505747,1888.63793103448,1032.02873563218,1085.90229885057,0.507914685997087,0.225210583583485,0.292628444366116,0.940729711716608,-2995542.82745101,0.761756451366511,1691.48850574713,1.56862010817115,1498.36781609195,0.0406843177880832,1498.36781609195,0.423835013144811,2.56862010817115,0.635690864450673,0.753957342998543,1.49959531943028,0.664949231725571,0.790419292454488,0.999730293377242,0.50789002686136,29.2751409746715,3.27134643837891,0.997423818348407,0.278176273141971,-0.513890054636338
1671.26,10,2018,8,3,2,3.57600337980566,793.1968788903,16.0860876874496,23.5083348119983,62.3116666666667,4657.5,4203.90229885057,2716.19540229885,4566.83908045977,3426.67816091954,2751.47701149425,2738.84482758621,0.377358497832829,0.139549413741509,0.243107386072712,0.761562522811073,-3315146.7917893,0.565963486192067,1487.70689655172,1.26396898013406,1452.42528735632,0.0471715403157787,1452.42528735632,0.32824336506638,2.26396898013406,0.492324141532208,0.688679248916415,1.49963782274042,0.482457734801348,0.637924071581776,0.999758594734324,0.377342654144695,23.5425305523319,2.9650161202626,0.723686586216604,0.173071102207123,-0.571551519877006
3228.52,11,2018,8,3,2,0.466666666666667,950.131333333333,19.3178333333333,24.2095,75.9023333333333,9400,2775.45402298851,679.844827586207,3259.94827586207,1850.04022988506,1040.57471264368,972.022988505747,0.583386396654876,0.290228058575091,0.346420024489187,1.13534764860188,-5443096.39258988,0.874922180768018,2095.6091954023,1.51587274190194,1734.87931034483,0.105921802518189,1734.87931034483,0.415142207553505,2.51587274190194,0.622651942057521,0.791693198327438,1.49957080679277,0.734338846304995,0.972976020447279,0.999714034272971,0.583352809466965,34.0870343239725,3.93524370528307,1.10150820717611,0.706877306094382,-0.440125321460047
2932.24,12,2018,8,3,2,0,952.73175,17.5935,27.2945,57.43725,5620,2684.44827586207,998.150862068966,3168.22413793103,2204.61206896552,1179.61206896552,1083.99137931034,0.445381769189674,0.178426554056832,0.275331907343689,0.878150840769466,-3121226.83423085,0.667980424473432,1686.2974137931,1.24649845408366,1504.83620689655,0.0608843035976896,1504.83620689655,0.376983213632665,2.24649845408366,0.565424575386832,0.722690884594837,1.49950700790375,0.612572398238881,0.626617859124355,0.999671427654896,0.445362091646875,27.27566501287,2.66652749424114,0.918858571904479,0.167839409293242,-0.581077046355571
2899.57,1,2019,8,3,2,0.35,953.3245,19.737,26.359125,68.1975,5800,2544.68103448276,1002.99137931034,3047.56034482759,2545.69827586207,1083.2025862069,1050.73275862069,0.438754271422941,0.0875885170175121,0.258242617111782,0.816321788710428,-2438210.99227937,0.658036418489861,1541.68965517241,1.39878178473352,1461.47844827586,0.0274323095133242,1461.47844827586,0.406333213367335,2.39878178473352,0.6094413384305,0.71937713571147,1.49952938195692,0.606571350620457,0.612264813405381,0.999686335311391,0.43873400516477,25.9583574788369,2.61869070278496,0.909857000639475,0.0837253822779656,-0.586962139835176
4113.66,2,2019,8,3,2,0,716.25375,19.28675,26.72125,65.76,9530,4093.93965517241,2649.58620689655,4513.77155172414,2806.68103448276,2669.50431034483,2706.86637931035,0.411847105854231,0.19798220579621,0.243280728831919,0.762189676913883,-2599497.06134788,0.617680187655706,1444.35344827586,1.37202848558832,1424.43534482759,0.0375937310145555,1424.43534482759,0.36468478130697,2.37202848558832,0.546975953094935,0.705923552927115,1.49965868493176,0.535163882125734,0.637183865620834,0.99977251346459,0.411827803412273,24.239384953394,2.81433116061881,0.802745801474838,0.140787280537519,-0.572474468661788
4872.01,3,2019,8,3,2,12.9,718.112,19.1725,25.546625,70.15575,13590,2745.30603448276,680.961206896552,3182.10775862069,1971.34051724138,925.504310344828,901.987068965517,0.601256933023888,0.235298121626311,0.358191790277587,1.17793789722431,-4315467.79501713,0.901752982911093,2064.34482758621,1.96106870375047,1819.80172413793,0.0780086679651226,1819.80172413793,0.493871274330849,2.96106870375047,0.74073807787483,0.800628466511944,1.49972296960035,0.750600092800675,1.00760052661939,0.999815381582493,0.601228681297097,35.1961161020109,4.03699083940407,1.12590010922585,0.353580378011677,-0.425560191561511
4998.71,10,2017,9,2,1,0,948.764,17.17675,26.956,56.8955,10950,2434.97058823529,1316.5,2908.29411764706,2544.89215686275,1280.96078431373,1298.48039215686,0.30844501153035,0.0685217408374875,0.182189971762796,0.541163317837798,-1335782.31435098,0.462603126126048,1118.47058823529,0.963963487787051,1154.00980392157,-0.006902795891238,1154.00980392157,0.316312773969074,1.96396348778705,0.474424663451459,0.654222505765175,1.49933683761904,0.461023666185432,0.391605311849399,0.999557976463711,0.308431273436146,18.5510372590618,1.96426544332868,0.691535480644082,-0.0112092225788897,-0.674165450916834
3536.34,11,2017,9,2,1,0,949,13.3375,27.22,43.041,7800,2887.72549019608,830.235294117647,3297.13725490196,2179.76470588235,1038.45098039216,968.352941176471,0.5526357238553,0.203548065558831,0.345571961311371,1.13227935602454,-4259994.58037706,0.82884216828501,2057.49019607843,1.78062485898777,1849.27450980392,0.0719269104282732,1849.27450980392,0.47040417502838,2.78062485898777,0.705545160790504,0.77631786192765,1.49969844066509,0.711375746309957,0.866841213139713,0.999799020763582,0.552611952614506,33.7159702750122,3.49236383553183,1.06706359531052,0.233036704680454,-0.483171796410693
4981.74,12,2017,9,2,1,3.8,9.509,19.8995,26.512,68.8955,10916.67,2976.86274509804,734.509803921569,3534.63725490196,2061.63725490196,1038.13725490196,949.421568627451,0.603665996203066,0.262942262204526,0.380277889287119,1.2578454034408,-5049173.70249399,0.905377038899158,2242.35294117647,1.87212179367429,1938.72549019608,0.104604806318482,1938.72549019608,0.482511979186041,2.8721217936743,0.723706667187238,0.801832998101533,1.49974924644519,0.752423498111034,1.01631524592207,0.999832887654258,0.603639976665236,36.7884591045331,4.07450732967908,1.12863522217788,0.37085929872507,-0.422070546791811
4499.74,1,2018,9,2,1,0.6,950.952,18.987,25.6205,68.9995,9816.67,2237.44117647059,775.470588235294,2520.1568627451,1633.06862745098,984.558823529412,1034.17647058824,0.483587944105725,0.218312576248035,0.257635448861671,0.814125053981527,-2230712.36714829,0.725257272433575,1461.97058823529,1.26845850135317,1252.88235294118,0.0427310440068039,1252.88235294118,0.382835730105033,2.26845850135317,0.574192420068081,0.741793972052863,1.49950875598547,0.650630885234259,0.701013137680797,0.999672618370051,0.483561350168599,26.4833438871046,2.90425180935698,0.975946288401714,0.335042032345162,-0.551069506363744
5078.35,2,2018,9,2,1,0.466666666666667,950.194333333333,16.4733333333333,24.9191666666667,63.1663333333333,11800,2605.87581699346,744.169934640523,3030.21568627451,2103.30065359477,900.052287581699,887.294117647059,0.554664204474076,0.179709044143522,0.323249226509879,1.05151570151274,-3494004.28645992,0.831872218435683,1861.70588235294,1.89718675096164,1705.82352941176,0.0491750182996623,1705.82352941176,0.485835791177925,2.89718675096164,0.728682984017461,0.777332102237038,1.49966677206953,0.712930730033697,0.873033657780243,0.999777922349197,0.554637729620013,32.1289977050842,3.51662870704165,1.06939606524105,0.20743840565405,-0.480623492387027
5867.67,3,2018,9,2,1,0,950.663333333333,20.8248333333333,25.9345,74.4996666666667,14800,2149.24183006536,784.176470588235,2486.64052287582,1579.35947712418,985.333333333333,1090.43137254902,0.470696382358338,0.228501871336878,0.240548946861988,0.752306089746674,-2070955.46431212,0.70590868572918,1365.06535947712,1.24808632096571,1163.90849673203,0.0278951104100365,1163.90849673203,0.366735543519118,2.24808632096571,0.550039223359153,0.735348191179169,1.49941930455553,0.634204239206903,0.691457540838655,0.999613029167033,0.470667388638772,25.0482605904758,2.90391967731788,0.951306306097529,0.385183910006456,-0.554516496578007
2116.59,10,2018,9,2,2,3.57600337980566,793.1968788903,16.0860876874496,23.5083348119983,62.3116666666667,6760,4419.13071895425,2811.04575163399,4924.28758169935,3601.07189542484,2826.43137254902,2791.07843137255,0.391456950250483,0.155512244787723,0.256159258540784,0.808784197400557,-3576365.30110301,0.587109660814921,1608.08496732026,1.32234924402154,1592.69934640523,0.0501303331545671,1592.69934640523,0.340518942150041,2.32234924402154,0.51073699775566,0.695728475125242,1.49966403739559,0.499894128327766,0.670276550799678,0.999776069457014,0.391440785691497,24.8068109949493,3.08678381600859,0.749841176502178,0.184868602482459,-0.55901019726301
2363.32,11,2018,9,2,2,0.466666666666667,950.131333333333,19.3178333333333,24.2095,75.9023333333333,6980,3044.71241830065,870.098039215686,3628.49673202614,2074.92156862745,1211.14379084967,1130.40522875817,0.550290331222903,0.279380635586472,0.351717496853471,1.15451390361586,-5510648.15892634,0.825315309254733,2174.61437908497,1.51068657046796,1833.56862745098,0.100521298623011,1833.56862745098,0.41539500519511,2.51068657046796,0.623038651371955,0.775145165611451,1.49963408922607,0.700664318877617,0.912989274199167,0.999756149748078,0.550264688188771,34.0936617200087,3.75506860516945,1.05099644454059,0.454462905501553,-0.464406310760205
4155.03,12,2018,9,2,2,0,952.73175,17.5935,27.2945,57.43725,9730,2817.68137254902,918.245098039216,3321.4068627451,2063.74019607843,1169.36274509804,1066.73039215686,0.49157684497289,0.230092581021925,0.310223162475082,1.00438740183485,-4030033.82679309,0.737263870818984,1899.4362745098,1.36680912450567,1648.31862745098,0.0801555631622749,1648.31862745098,0.397241262276918,2.36680912450567,0.595810145595895,0.745788422486445,1.49955803493711,0.654384813282729,0.734460207389099,0.999705445644553,0.491555211491635,30.3678504812106,3.04544337928841,0.981577192503027,0.248585960940078,-0.53707935845564
2956.29,1,2019,9,2,2,0.35,953.3245,19.737,26.359125,68.1975,6800,2549.17647058824,815.014705882353,3074.73039215686,2274.93137254902,1002.54411764706,930.245098039216,0.514376281057591,0.149299971016184,0.298613078273938,0.962382117195106,-3039005.44249587,0.771449672310377,1734.16176470588,1.54344942005965,1546.63235294118,0.0693508877609139,1546.63235294118,0.434209918598366,2.54344942005965,0.651252539622778,0.757188140528795,1.49961838769368,0.678724627062856,0.769172333458764,0.99974566977817,0.514351798729193,29.8552545585512,3.13573776194149,1.01808691175146,0.212912191055245,-0.523206387029969
3431.42,2,2019,9,2,2,0,716.25375,19.28675,26.72125,65.76,9080,3901.25,2635.15196078431,4375.06862745098,2680.79901960784,2638.42156862745,2649.91666666667,0.374866100825094,0.195004735479392,0.213711339218729,0.655207625293363,-1976303.84380762,0.562213445073547,1266.09803921569,1.1785700777932,1262.82843137255,0.033857062278192,1262.82843137255,0.336083261197931,2.1785700777932,0.504075529840623,0.687433050412547,1.49959910967497,0.503300995118636,0.545347034641015,0.999732805024362,0.374847814935607,21.6377392394343,2.48404639481545,0.75495147003124,0.104998522337672,-0.610153828993172
4575.56,3,2019,9,2,2,12.9,718.112,19.1725,25.546625,70.15575,9180,2386.40196078431,806.725490196078,2859.71078431373,2114.89705882353,942.794117647059,924.436274509804,0.493929971448237,0.14940717984255,0.275483075777048,0.87869776816136,-2520103.45470371,0.740778712769097,1579.67647058824,1.53016452138541,1443.60784313725,0.0428835621409496,1443.60784313725,0.432565357993752,2.53016452138541,0.648781713146795,0.746964985724119,1.49956989438283,0.660705375194793,0.720776750601711,0.99971335200433,0.493905169986217,27.9199977127944,2.96576477458882,0.991058031203673,0.167338988588947,-0.543044811837208
4497.16,10,2017,10,1,1,0,948.764,17.17675,26.956,56.8955,10983.33,2147.63559322034,1107.99152542373,2588.63559322034,2076.54237288136,1136.66101694915,1164.35593220339,0.312838026500159,0.113192385189342,0.175514372610281,0.517011000103996,-1298655.58557695,0.469185841337884,1039.64406779661,0.919840419845958,1010.97457627119,0.00222979202701095,1010.97457627119,0.299361850704287,1.91984041984596,0.448997162174023,0.656419013250079,1.49919131831249,0.462491040949642,0.404692902779705,0.999460998654493,0.312822835923507,18.0159881548358,2.01208843932367,0.693736538268354,0.0375836568919121,-0.66857314960514
7234.5,11,2017,10,1,1,0,949,13.3375,27.22,43.041,17950,3229.66101694915,703.949152542373,3652.22033898305,2040.23728813559,1028.20338983051,935.203389830509,0.641698697549897,0.283052589693199,0.423239209991523,1.41327946174933,-6399023.04872448,0.962425740153201,2525.71186440678,2.14106593896924,2201.45762711864,0.113120534659652,2201.45762711864,0.516748049633216,3.14106593896924,0.775060171332178,0.820849348774948,1.49979598142935,0.781336086025422,1.14636386998956,0.999864035713796,0.641672603311111,40.256591119249,4.61763916889189,1.17200410638982,0.410223026908266,-0.369471649588029
6570.63,12,2017,10,1,1,3.8,9.509,19.8995,26.512,68.8955,17100,3462.44915254237,601.542372881356,4075.93220338983,1875.96610169492,1030.63559322034,913.406779661017,0.703543157221852,0.369322200916703,0.479784115936442,1.61785893145805,-8212770.28416902,1.05518487997948,2860.90677966102,2.36871998130439,2431.81355932203,0.153056898161189,2431.81355932203,0.540990501140344,3.36871998130439,0.811424305778326,0.851771578610926,1.49984793590421,0.825559353617545,1.40697321304998,0.999898665855224,0.703515452319598,44.8591159783351,5.81196449940308,1.23833900865202,0.601106072963059,-0.266991729547161
5123.99,1,2018,10,1,1,0.6,950.952,18.987,25.6205,68.9995,12283.33,3374.18644067797,1380.1186440678,3803.33050847458,2526.57627118644,1590.30508474576,1584.74576271186,0.46383365429809,0.222140300693487,0.308330031275783,0.997538053155783,-4019728.82208709,0.695664010056552,1994.06779661017,1.33090342406613,1783.8813559322,0.0577438197220061,1783.8813559322,0.383424529608168,2.33090342406613,0.575092390258215,0.731916827149045,1.49967045454884,0.617191940470644,0.721176359146927,0.999780351534293,0.463815205431028,30.1293606316405,3.08415660857302,0.925787892674433,0.251104658740431,-0.541516226075611
9405.81,2,2018,10,1,1,0.466666666666667,950.194333333333,16.4733333333333,24.9191666666667,63.1663333333333,21091.67,2820.18079096045,687.38418079096,3294.31638418079,1952.41807909605,954.389830508475,873.016949152542,0.607227156613644,0.255502971499969,0.368493536856144,1.21520961634553,-4583203.79656104,0.910710994203378,2132.79661016949,1.96017641871152,1865.79096045198,0.100989069400583,1865.79096045198,0.493636742692462,2.96017641871152,0.740388426262917,0.803613578306822,1.49973678000446,0.754732374959071,1.03291631425444,0.99982458332834,0.607199475910822,35.9840591032045,4.15132019803015,1.13209853444046,0.351793473398318,-0.415472705054811
7146.35,3,2018,10,1,1,0,950.663333333333,20.8248333333333,25.9345,74.4996666666667,14116.67,2411.0395480226,893.327683615819,2856.65536723164,1865.10734463277,1078.62146892655,1097.70621468927,0.46587993959443,0.21025320615046,0.262188047561076,0.830596356075974,-2406219.17127423,0.698711094990784,1517.71186440678,1.32413735947905,1332.41807909605,0.0456735795803497,1332.41807909605,0.385903525586799,2.32413735947905,0.578797558236568,0.732939969797215,1.49952970792745,0.62800378578132,0.684758283286637,0.999686561507216,0.465856723357087,26.5450258769345,2.88545848364177,0.942005648796571,0.231471172522332,-0.556992694675492
1308.16,10,2018,10,1,2,3.57600337980566,793.1968788903,16.0860876874496,23.5083348119983,62.3116666666667,3737.5,4123.85310734463,2833.28248587571,4628.20338983051,3582.76271186441,2794.5197740113,2755.30508474576,0.337123390160806,0.114991074029622,0.212501575756215,0.650830701085986,-2634648.15031298,0.50561775569442,1290.57062146893,1.10637012146509,1329.33333333333,0.0346843739940054,1329.33333333333,0.306176924038192,2.10637012146509,0.459226398147595,0.668561695080403,1.49959120109722,0.443922339894144,0.528591608422644,0.99972751706244,0.33710902521189,20.781354604465,2.53539389242159,0.665883494401468,0.106484366790491,-0.615037006279563
2750.55,11,2018,10,1,2,0.466666666666667,950.131333333333,19.3178333333333,24.2095,75.9023333333333,7700,2731.32768361582,745.468926553672,3197.88700564972,1933.68361581921,1087.4406779661,1012.65536723164,0.558594337194831,0.267643586379851,0.327542050625033,1.06704713916137,-4813208.20709399,0.837739873947688,1985.85875706215,1.40239891538898,1643.88700564972,0.101247796031731,1643.88700564972,0.39757164842875,2.40239891538898,0.596298415831578,0.779297168597415,1.49955213051017,0.713599947773522,0.901476610393069,0.999701582146507,0.558561983794247,32.4748709048079,3.65467070261187,1.07039986106523,0.644259139869105,-0.469080736405998
3480.26,12,2018,10,1,2,0,952.73175,17.5935,27.2945,57.43725,9440,2701.05084745763,971.449152542373,3181.77118644068,2179.59745762712,1191.14406779661,1084,0.456977953837213,0.187188937557865,0.282579599384119,0.904372990571742,-3318225.61606228,0.68537106551206,1729.60169491525,1.23157435119408,1509.90677966102,0.071746897790726,1509.90677966102,0.374113392696793,2.23157435119408,0.561120197373143,0.728488976918606,1.49951174776243,0.623372441563887,0.652140452819576,0.99967459167638,0.456957500487253,27.9473253761171,2.75346395735203,0.93505863527962,0.206653105590332,-0.570681987925068
3868.1,1,2019,10,1,2,0.35,953.3245,19.737,26.359125,68.1975,8190,2525.44915254237,912.35593220339,3028.5,2468.6906779661,1063.58474576271,997.775423728814,0.472120345458238,0.101001537813732,0.274452098961647,0.874967694043239,-2635377.7762279,0.708076119885789,1613.09322033898,1.39928005411674,1461.86440677966,0.0553268881498311,1461.86440677966,0.408829457371767,2.39928005411674,0.613185467980394,0.736060172729119,1.49956891665036,0.639290226511853,0.677989151666396,0.99971269111056,0.472098071573063,27.5690831706273,2.82906871188187,0.958935312570932,0.162060238407577,-0.560356288177158
3818.88,2,2019,10,1,2,0,716.25375,19.28675,26.72125,65.76,9940,3933.71610169491,2662.95338983051,4396.19491525424,2789.83050847458,2683.11440677966,2698.28813559322,0.383170862666373,0.17952300540477,0.215752776078371,0.662593543851547,-1977985.7093742,0.574666852206612,1270.76271186441,1.16596727872884,1250.60169491525,0.0408019540062417,1250.60169491525,0.334273860104851,2.16596727872884,0.501361146141909,0.691585431333187,1.49960606632615,0.510803470915176,0.564664550264264,0.999737444506713,0.383151779717505,21.9008272443858,2.55138791331202,0.766205182543958,0.134065553631601,-0.602245708778694
6271.78,3,2019,10,1,2,12.9,718.112,19.1725,25.546625,70.15575,12760,2386.99152542373,723.131355932203,2900.94915254237,2014.4406779661,921.139830508475,901.127118644068,0.533860907656199,0.180091866015842,0.294187726117614,0.946371193093527,-2798112.00840556,0.800662351406106,1663.86016949153,1.59008755970786,1465.85169491525,0.0629999341481581,1465.85169491525,0.44162692952937,2.59008755970786,0.662372291647801,0.766930453828099,1.49961355760627,0.695654539667812,0.816801820253407,0.999742461034614,0.533833382477642,29.7876155993858,3.30585131604721,1.04348177509445,0.269267729922003,-0.50367842349761
3399.81,10,2017,11,4,1,0,948.764,17.17675,26.956,56.8955,7750,2455.14423076923,1415.14423076923,2916.65384615385,2743.75961538462,1317.82692307692,1334.39423076923,0.278005339374503,0.0316224413143613,0.166010327067044,0.482625363328565,-1112363.60553603,0.4169513844441,1040,0.911916712362641,1137.31730769231,-0.0195128309188152,1137.31730769231,0.307956142263554,1.91191671236264,0.461891105935677,0.639002669687251,1.49930544805735,0.42928524914608,0.33782476734821,0.999537049830438,0.277993258323942,16.9688112704862,1.80248591852286,0.643927856680066,-0.0621771351585984,-0.69567306510164
3275.34,11,2017,11,4,1,0,949,13.3375,27.22,43.041,6850,2707.32692307692,954.211538461538,3100.75,2351.46153846154,1006.42307692308,987.019230769231,0.476838927533388,0.136344356433722,0.292013803691431,0.938505941755596,-3140136.53947986,0.715160923926112,1753.11538461538,1.68962394335477,1700.90384615385,0.0183148565817757,1700.90384615385,0.456536482792261,2.68962394335477,0.684742019389367,0.738419463766694,1.4996006604111,0.64434660496433,0.687500590311882,0.999733842852842,0.476818132562893,28.9048646436957,2.86164641506458,0.966519883995907,0.0566456488381342,-0.556619597699498
2643.13,12,2017,11,4,1,3.8,9.509,19.8995,26.512,68.8955,5725,2979.49038461538,786.576923076923,3516.25961538462,2189.52884615385,990.076923076923,958.105769230769,0.581197751241433,0.231824464823649,0.368614568979923,1.21564751056936,-4855393.59278968,0.871680928420799,2192.91346153846,2.02013904776979,1989.41346153846,0.0633668752624453,1989.41346153846,0.50043486757938,3.02013904776979,0.750587962958036,0.790598875620716,1.4997299094473,0.734319246975601,0.950960773291976,0.999819996527923,0.581173066676139,35.6931062077954,3.82114341254325,1.10147884647364,0.250453408513164,-0.448818744855684
2483.28,1,2018,11,4,1,0.6,950.952,18.987,25.6205,68.9995,5058.33,2396.34615384615,788.557692307692,2717.25,1689.56730769231,988.663461538461,1048.33653846154,0.502877506460065,0.235693216363913,0.279347486764884,0.892679207115351,-2724043.79760722,0.754192936218312,1607.78846153846,1.43216543970556,1407.68269230769,0.037538830561532,1407.68269230769,0.409435185293078,2.43216543970556,0.614090158282243,0.751438753230032,1.49955867042429,0.66721138067101,0.749390381946518,0.999705882374845,0.502851194343275,28.30345320862,3.07941196917934,1.00081703441782,0.325475190786752,-0.531243242718409
2952.27,2,2018,11,4,1,0.466666666666667,950.194333333333,16.4733333333333,24.9191666666667,63.1663333333333,6900,2748.03846153846,793.358974358974,3227.39743589744,2122.29487179487,916.192307692308,897.230769230769,0.550773485112002,0.205111441650602,0.333378690724982,1.08816410304298,-3862941.15642628,0.826043656804431,1954.67948717949,2.00352398846895,1831.84615384615,0.0404166697808717,1831.84615384615,0.499051779183919,3.00352398846895,0.748508171021722,0.775386742556001,1.49967977836164,0.709458777195052,0.86507141687205,0.999786585815213,0.550748614270965,32.8044671046767,3.49208253038205,1.06418813918216,0.154898010968114,-0.483961305363764
3538.32,3,2018,11,4,1,0,950.663333333333,20.8248333333333,25.9345,74.4996666666667,9466.67,2158.05769230769,890.384615384615,2566.00641025641,1653.32692307692,1035.91025641026,1118.49358974359,0.422615290756523,0.223223833784471,0.218487872140517,0.672489121404392,-1874061.50125646,0.633799738623626,1267.67307692308,1.15551989930712,1122.14743589744,0.0174468589357487,1122.14743589744,0.343339274566129,2.15551989930712,0.514948909362864,0.711307645378262,1.49930951513784,0.585524170135931,0.598678603600923,0.999539860706681,0.422589004482787,22.7700575835826,2.60784841877861,0.878286201659433,0.283717901634178,-0.591831646100044
3642.62,10,2018,11,4,2,3.57600337980566,793.1968788903,16.0860876874496,23.5083348119983,62.3116666666667,8840,4481.39102564103,2592.84615384615,4970.13461538462,3402.10256410256,2669.52564102564,2643.65384615385,0.448347931668909,0.200722733383914,0.302876701485479,0.977807905974464,-4861899.24293588,0.672437599129808,1888.54487179487,1.62296230140179,1811.86538461538,0.0662572025384503,1811.86538461538,0.377789813484995,2.62296230140179,0.566640775341839,0.724173965834455,1.49972352909842,0.548289061782002,0.850148324313328,0.999815724047667,0.448329946441142,28.8121249181531,3.84605623346189,0.822433576776623,0.282391833607547,-0.488201160333965
2522.88,11,2018,11,4,2,0.466666666666667,950.131333333333,19.3178333333333,24.2095,75.9023333333333,7960,2968.83333333333,890.166666666667,3521.23076923077,1998.41666666667,1205.80128205128,1170.85897435897,0.544876126338562,0.287797092659115,0.338730055695613,1.10752534150673,-5111177.90945033,0.817188704810854,2078.66666666667,1.52034686575562,1763.03205128205,0.0882071274998741,1763.03205128205,0.412771009327356,2.52034686575562,0.619100411108371,0.772438063169281,1.49962594557328,0.693616449738319,0.916647454462823,0.999750726181763,0.544849352926732,33.0880908918576,3.80272999162566,1.04042463776204,0.49475639748819,-0.463150516759946
4407.48,12,2018,11,4,2,0,952.73175,17.5935,27.2945,57.43725,10030,2675.25,944.509615384615,3125.84134615385,2045.38942307692,1135.05288461538,1059.32692307692,0.461729138501399,0.206648359969709,0.284058249812895,0.909722747823056,-3353624.79896906,0.69249545398464,1730.74038461538,1.31787540351638,1540.19711538462,0.0603589778114269,1540.19711538462,0.388170008177812,2.31787540351638,0.58220213866516,0.7308645692507,1.49949983973984,0.62714375906023,0.665162829692398,0.999666659003753,0.461708175495965,28.0932124179612,2.80213054142643,0.940715610127457,0.189615589644671,-0.56531198152722
3728.48,1,2019,11,4,2,0.35,953.3245,19.737,26.359125,68.1975,8690,2515.55769230769,867.177884615385,3020.38461538462,2388.38461538462,952.778846153846,933.692307692308,0.484402063304591,0.115740294052293,0.281931384849833,0.902027750386696,-2800500.44045686,0.726495901370994,1648.37980769231,1.64125261060434,1562.77884615385,0.0285008470607279,1562.77884615385,0.447926548793263,2.64125261060434,0.671824003900136,0.742201031652295,1.49957353597389,0.650478857083414,0.706975376553947,0.999715771877395,0.484379193036133,28.2422348598982,2.93191709318615,0.975718257889141,0.102482276557929,-0.548557793182531
3976.33,2,2019,11,4,2,0,716.25375,19.28675,26.72125,65.76,9500,4069.93269230769,2553.73557692308,4534.79807692308,2636.18269230769,2582.08173076923,2619.21153846154,0.42172019537166,0.23046034149071,0.253993182360048,0.800947333778655,-2864193.50112084,0.632489960141048,1516.19711538462,1.45665734305902,1487.85096153846,0.0360739196642008,1487.85096153846,0.376151912854149,2.45665734305902,0.564176145186785,0.71086009768583,1.49967255872635,0.543892218114848,0.662793722740117,0.999781759276488,0.421700922464299,25.137596999622,2.9091818320241,0.815838306318865,0.139519974797002,-0.562021301727069
2889.07,3,2019,11,4,2,12.9,718.112,19.1725,25.546625,70.15575,7170,2714.93269230769,759.759615384615,3213.02403846154,2072.31730769231,949.740384615385,921.788461538462,0.561964144192348,0.215169581402261,0.33601979025157,1.09771960113018,-3861159.84371028,0.842824707875614,1955.17307692308,1.85886207846709,1765.19230769231,0.0611995327626311,1765.19230769231,0.480785394009053,2.85886207846709,0.721111094607864,0.780982072096174,1.49968657130029,0.718817311309992,0.894784531164204,0.999791116244678,0.561938219848552,33.1339749834144,3.6024673467053,1.07822593896992,0.247039556623197,-0.471772182648414
6748.05,10,2017,12,3,1,0,948.764,17.17675,26.956,56.8955,9533.33,2157.02631578947,1183.20175438596,2649.73684210526,2301.59649122807,1159.5701754386,1183.9298245614,0.290465436055289,0.0739429640234974,0.162745618224276,0.470813646735432,-1070046.64591526,0.435632653736959,973.824561403509,0.888969073139604,997.456140350877,-0.00885902800893108,997.456140350877,0.297331549551002,1.8889690731396,0.445951792440687,0.645232718027645,1.49918980896425,0.440956152889506,0.361336353806468,0.999459987050911,0.290451461207974,16.8012069104232,1.8752070069411,0.661434207597319,-0.0116215983224192,-0.686142710826574
4473,11,2017,12,3,1,0,949,13.3375,27.22,43.041,11750,2939.17543859649,817.280701754386,3362.22807017544,2192.68421052632,991.771929824561,955.666666666667,0.56373567000825,0.209838552402965,0.355866404797928,1.1695246525589,-4544086.7305045,0.845491046098371,2121.89473684211,1.96375619161446,1947.40350877193,0.0562292516605913,1947.40350877193,0.49449283605526,2.96375619161446,0.741675098584207,0.781867835004125,1.49971173639989,0.720220040440238,0.899260491969969,0.99980788270099,0.563711676600686,34.580256430728,3.61778712306454,1.08033003682794,0.207547053574613,-0.469870332153991
6018.47,12,2017,12,3,1,3.8,9.509,19.8995,26.512,68.8955,14975,3403.21052631579,642.894736842105,3966.87719298246,2012.98245614035,984.666666666667,923.719298245614,0.681418761163048,0.32642261307464,0.46155530740763,1.5519071022008,-7660793.36634843,1.02200181800732,2760.31578947368,2.47463331160078,2418.54385964912,0.11386453722582,2418.54385964912,0.550658035001101,3.47463331160078,0.825923013113259,0.840709380581524,1.49983118552201,0.810069965555417,1.30675049953394,0.999887500530793,0.681391809830986,43.3620378183979,5.33911034396596,1.21510492651404,0.487117714710006,-0.305971191985771
4771.51,1,2018,12,3,1,0.6,950.952,18.987,25.6205,68.9995,13133.33,3601.85087719298,1506.9649122807,3953,2634.81578947368,1720.77192982456,1752.72807017544,0.467434696599901,0.222636836170784,0.319223561456735,1.03695084535047,-4485451.59473886,0.701068186735205,2094.88596491228,1.43227207302012,1881.07894736842,0.0509466180543616,1881.07894736842,0.389933433713948,2.43227207302012,0.584856291645027,0.733717348299951,1.49969215694024,0.615109940843894,0.750489484361498,0.999794814507483,0.4674168053347,30.9713945598154,3.22404539048463,0.922664894838771,0.257235758135512,-0.529317631396619
4641.41,2,2018,12,3,1,0.466666666666667,950.194333333333,16.4733333333333,24.9191666666667,63.1663333333333,13550,3088.9649122807,643.561403508772,3570.2865497076,1948.57894736842,911.736842105263,866.789473684211,0.654375165831156,0.293110591206519,0.417683028280287,1.39317719631808,-6010746.7124138,0.981431315451017,2445.40350877193,2.39364520816227,2177.22807017544,0.0942350369118645,2177.22807017544,0.543586143279755,3.39364520816227,0.815309919605381,0.827187582915578,1.49979511805552,0.790599764849841,1.19559874540206,0.99986346478329,0.654347124172442,39.9980364276907,4.83522868863113,1.185899621951,0.392470151880199,-0.349857321999782
5168.29,3,2018,12,3,1,0,950.663333333333,20.8248333333333,25.9345,74.4996666666667,12951.67,2627.70175438597,874.058479532164,3181.68421052632,1899,1062.90643274854,1089.73099415205,0.507436119244754,0.252380443655968,0.30017026567685,0.968016021218844,-3270436.06622003,0.761042669381706,1753.6432748538,1.6109051551655,1564.79532163743,0.046812271353549,1564.79532163743,0.427204481804007,2.6109051551655,0.640746612126623,0.753718059622377,1.49960416821963,0.662153528557199,0.803749914476735,0.999736187416757,0.507412328149974,29.7865372727512,3.34599801451879,0.993230265679424,0.258471376144282,-0.508445137709944
2972.51,10,2018,12,3,2,3.57600337980566,793.1968788903,16.0860876874496,23.5083348119983,62.3116666666667,8520,4112.29239766082,2703.7134502924,4606.56725146199,3473.79532163743,2720.6783625731,2715.01169590643,0.365974297575984,0.130983515747898,0.231056585257453,0.717962725461465,-2939879.4162952,0.548887669229206,1408.57894736842,1.19253095356777,1391.61403508772,0.0440840408046599,1391.61403508772,0.319993311156661,2.19253095356777,0.479949188474044,0.682987148787992,1.49962070730333,0.473349114524414,0.599175852346679,0.99974718711139,0.365958556994216,22.5558462731008,2.79930835372736,0.710023655258497,0.155669475346887,-0.586930242844743
2576.62,11,2018,12,3,2,0.466666666666667,950.131333333333,19.3178333333333,24.2095,75.9023333333333,7260,2692.09356725146,741.760233918129,3164.19298245614,1953.84210526316,1070.28070175439,999.029239766082,0.558464533712258,0.256779374616231,0.324316994459252,1.05537888595357,-4598173.17311924,0.837546152425488,1950.33333333333,1.42222790300558,1621.81286549708,0.099277239086336,1621.81286549708,0.401961144881282,2.42222790300558,0.602881548662139,0.779232266856129,1.49956632846218,0.713368057235304,0.90242015376981,0.999711036908935,0.558432390375093,32.2413646965783,3.66098171047838,1.07005202816482,0.617083426051539,-0.468737678395742
2614.63,12,2018,12,3,2,0,952.73175,17.5935,27.2945,57.43725,6150,2568.02631578947,1019.68421052632,3037.22368421053,2236.38157894737,1162.19298245614,1094.94736842105,0.420252966051716,0.153976812133685,0.253364532004846,0.798672876793532,-2633210.98025142,0.630288766868787,1548.34210526316,1.17707051503118,1405.83333333333,0.0456822178141011,1405.83333333333,0.364057397732112,2.17707051503118,0.546035474743114,0.710126483025858,1.49944914736302,0.589001074933276,0.573214345742058,0.999632866900213,0.420233618468372,25.3550105972187,2.48860872433195,0.883501584904397,0.139287659624634,-0.602832431810265
2122.4,1,2019,12,3,2,0.35,953.3245,19.737,26.359125,68.1975,4350,2428.90350877193,921.464912280702,2927.12719298246,2539.00877192982,981.469298245614,963.026315789474,0.447152024567147,0.0698945796254756,0.25703466925727,0.811951433372803,-2343052.30324628,0.670628179554791,1507.43859649123,1.47468977932109,1447.43421052632,0.020377707796058,1447.43421052632,0.422118374387134,2.47468977932109,0.633114439784919,0.723576012283573,1.49951465350076,0.615735794895541,0.625612991294613,0.999676522821966,0.44713071951209,25.9496714262695,2.65573474846593,0.923603665085496,0.067294049525527,-0.581672392507658
3123.27,2,2019,12,3,2,0,716.25375,19.28675,26.72125,65.76,9150,4102.65789473684,2636.65350877193,4569.14035087719,2817.90350877193,2650.80701754386,2677.73245614035,0.410493805058502,0.200548464576458,0.246160463335293,0.772608556347091,-2713466.64204967,0.615652563712749,1466.00438596491,1.38725386085582,1451.85087719298,0.0367069593407827,1451.85087719298,0.366607220658237,2.38725386085582,0.549860342612269,0.705246902529251,1.49966161377913,0.533481516245454,0.634714963354812,0.99977446366852,0.410474999190033,24.4085766573506,2.80667750622383,0.800222253669638,0.130608635744323,-0.573458712723438
3704.59,3,2019,12,3,2,12.9,718.112,19.1725,25.546625,70.15575,9390,2842.89912280702,714.223684210526,3326.82456140351,2049.57894736842,953.714912280702,914.978070175439,0.597633149363181,0.237107310539926,0.365289581735761,1.20361770671998,-4563032.30538207,0.896323524336215,2128.67543859649,1.98046846153935,1889.18421052632,0.0786992075917325,1889.18421052632,0.496771292072373,2.98046846153935,0.745090124304148,0.798816574681591,1.49973166029408,0.747772382078298,0.99639918547639,0.999821169502072,0.597606224173395,35.6541870679809,3.99254527067067,1.12165854582259,0.320830366665918,-0.430145194232249
